,作物名稱,病蟲名稱,普通名稱,含量,劑型代碼,每公頃每次用量,稀釋倍數,使用時期,施藥間隔,施用次數,安全採收期,施藥方法,注意事項,說明,核准日期,原始登記廠商名稱,作用機制
0,水稻,褐飛蝨,丁基加保扶,48.340(%) (w/w),EC,1.2公升,1000,分蘗期,-,-,10,微粒動力噴霧機：以0.8-1.2L，每次水量100L/ha;引擎轉速約6000轉/Min以上。噴頭置於莖間，有效噴幅每邊各4行，隔8行噴1趟,施藥者防護,,,,IRAC - 1A
1,水稻,褐飛蝨,丁基加保扶,48.340 (%) (w/w),EW,1.2公升,1000,分蘗期,-,-,10,微粒動力噴霧機：以0.8-1.2L，每次水量100L/ha;引擎轉速約6000轉/Min以上。噴頭置於莖間，有效噴幅每邊各4行，隔8行噴1趟,施藥者防護,變更安全劑型,1020107.0,,IRAC - 1A
2,水稻,黑尾葉蟬,丁基加保扶,3.000(%) (w/w),GR,120G/箱,,播種時,-,-,-,於播種時均勻拌土施用20G，機械插秧前24小時施用100G，並灑水至飽和狀態,防治育苗箱毒素病。,,,,IRAC - 1A
3,水稻,稻象鼻蟲,丁基加保扶,3.000(%) (w/w),GR,60公斤,-,害蟲發生時施藥1次,-,1,-,施藥時，稻田需保持水位約1公分。,-,延伸使用,980826.0,,IRAC - 1A
4,水稻,鐵甲蟲,丁基加保扶,3.000(%) (w/w),GR,60公斤,-,害蟲發生時施藥1次,-,1,-,施藥時，稻田需保持水位約1公分。,-,延伸使用,980826.0,,IRAC - 1A
5,水稻,負泥蟲,丁基加保扶,3.000(%) (w/w),GR,60公斤,-,害蟲發生時施藥1次,-,1,-,施藥時，稻田需保持水位約1公分。,,延伸使用,980826.0,,IRAC - 1A
6,水稻,水象鼻蟲,丁基加保扶,3.000(%) (w/w),GR,60公斤,,生育初期成蟲0.5隻/叢,-,-,-,,施藥時，稻田需保持水位約一公分,,830131.0,國際技術社股份有限公司,IRAC - 1A
7,水稻,褐飛蝨,丁基加保扶,5.000(%) (w/w),GR,40公斤,,生長初期,20,-,29,,1.施用粒劑時，稻田需保持濕潤狀況或灌水約1CM內。2.收割前29天內停止用藥,,,,IRAC - 1A
8,水稻,稻蝨類,丁基加保扶,5.000(%) (w/w),GR,40公斤,-,害蟲發生時開始施藥,-,-,29,-,,延伸使用,980826.0,,IRAC - 1A
9,水稻,葉蟬類,丁基加保扶,5.000(%) (w/w),GR,40公斤,-,害蟲發生時開始施藥,-,-,29,-,,延伸使用,980826.0,,IRAC - 1A
10,水稻,椿象類,丁基加保扶,5.000(%) (w/w),GR,40公斤,-,害蟲發生時開始施藥,-,-,29,-,,延伸使用,980826.0,,IRAC - 1A
11,水稻,薊馬類,丁基加保扶,5.000(%) (w/w),GR,40公斤,-,害蟲發生時開始施藥,-,-,29,-,,延伸使用,980826.0,,IRAC - 1A
12,水稻,褐飛蝨,丁基加保扶,30.000 (%) (w/w),WP,1.5公斤,800,分蘗期開始施藥,7,-,20,,,,,,IRAC - 1A
13,水稻,負泥蟲,丁基加保扶,40.000 (%) (w/w),WP,0.8-1.0公斤,1200,幼穗形成前,15,-,-,水稻分蘗期中負泥蟲發生時開始噴藥，若施藥後田間密度尚高，隔15天再施一次,分蘗盛期以前使用,,,,IRAC - 1A
14,水稻,水象鼻蟲,丁基加保扶,3.000(%) (w/w),GR,50G/每育苗箱,,插秧前24hr並使藥落土,-,-,-,藥掃落土後少量灑水，插秧後本田水位保持2-3公分，為期4-5天,限育苗箱秧苗使用。,,840426.0,國際技術社股份有限公司,IRAC - 1A
15,水稻,褐飛蝨,丁基加保扶,25.000(%) (w/w),WP,2.4公斤,500,分蘗期,-,-,10,微粒動力噴霧機：以2.4L，每次水量100L/ha;引擎轉速約6000轉/Min以上。噴頭置於莖間，有效噴幅每邊各4行，隔8行噴1趟,施藥者防護,延伸使用,1070214.0,,IRAC - 1A
16,水稻,褐飛蝨,丁基加保扶,40.000(%) (w/w),WP,1.5公斤,800,分蘗期,-,-,10,微粒動力噴霧機：以1.5L，每次水量100L/ha;引擎轉速約6000轉/Min以上。噴頭置於莖間，有效噴幅每邊各4行，隔8行噴1趟,施藥者防護,延伸使用,1070214.0,,IRAC - 1A
17,水稻,負泥蟲,丁基加保扶,48.340(%) (w/w),EC,0.6-0.8公升,1500,幼穗形成前,15,-,-,水稻分蘗期中負泥蟲發生時開始噴藥，若施藥後田間密度尚高，隔15天再施一次,分蘗盛期以前使用,延伸使用,1070214.0,,IRAC - 1A
18,水稻,負泥蟲,丁基加保扶,48.340(%) (w/w),EW,0.6-0.8公升,1500,幼穗形成前,15,-,-,水稻分蘗期中負泥蟲發生時開始噴藥，若施藥後田間密度尚高，隔15天再施一次,分蘗盛期以前使用,延伸使用,1070214.0,,IRAC - 1A
19,水稻,負泥蟲,丁基加保扶,25.000(%) (w/w),WP,1.3-1.6公斤,750,幼穗形成前,15,-,-,水稻分蘗期中負泥蟲發生時開始噴藥，若施藥後田間密度尚高，隔15天再施一次,分蘗盛期以前使用,延伸使用,1070214.0,,IRAC - 1A
20,水稻,黑尾葉蟬,丁基加保扶,5.000(%) (w/w),GR,72G/箱,,播種時,-,-,-,於播種時均勻拌土施用12G，機械插秧前24小時施用60G，並灑水至飽和狀態,防治育苗箱毒素病。,延伸使用,1070214.0,,IRAC - 1A
21,水稻,稻象鼻蟲,丁基加保扶,5.000(%) (w/w),GR,36公斤,-,害蟲發生時施藥1次,-,1,-,施藥時，稻田需保持水位約1公分。,-,延伸使用,1070214.0,,IRAC - 1A
22,水稻,水象鼻蟲,丁基加保扶,5.000(%) (w/w),GR,36公斤,,生育初期成蟲0.5隻/叢,-,-,-,,施藥時，稻田需保持水位約一公分,延伸使用,1070214.0,,IRAC - 1A
23,水稻,水象鼻蟲,丁基加保扶,5.000(%) (w/w),GR,30G/每育苗箱,,插秧前24hr並使藥落土,-,-,-,藥掃落土後少量灑水，插秧後本田水位保持2-3公分，為期4-5天,限育苗箱秧苗使用。,延伸使用,1070214.0,,IRAC - 1A
24,水稻,負泥蟲,丁基加保扶,5.000(%) (w/w),GR,36公斤,-,害蟲發生時施藥1次,-,1,-,施藥時，稻田需保持水位約1公分。,,延伸使用,1070214.0,,IRAC - 1A
25,水稻,鐵甲蟲,丁基加保扶,5.000(%) (w/w),GR,36公斤,-,害蟲發生時施藥1次,-,1,-,施藥時，稻田需保持水位約1公分。,-,延伸使用,1070214.0,,IRAC - 1A
26,水稻,稻蝨類,丁基加保扶,3.000(%) (w/w),GR,67公斤,-,害蟲發生時開始施藥,-,-,29,-,,延伸使用,1070214.0,,IRAC - 1A
27,水稻,褐飛蝨,丁基加保扶,3.000(%) (w/w),GR,67公斤,,生長初期,20,-,29,,1.施用粒劑時，稻田需保持濕潤狀況或灌水約1CM內。2.收割前29天內停止用藥,延伸使用,1070214.0,,IRAC - 1A
28,水稻,葉蟬類,丁基加保扶,3.000(%) (w/w),GR,67公斤,-,害蟲發生時開始施藥,-,-,29,-,,延伸使用,1070214.0,,IRAC - 1A
29,水稻,椿象類,丁基加保扶,3.000(%) (w/w),GR,67公斤,-,害蟲發生時開始施藥,-,-,29,-,,延伸使用,1070214.0,,IRAC - 1A
30,水稻,薊馬類,丁基加保扶,3.000(%) (w/w),GR,67公斤,-,害蟲發生時開始施藥,-,-,29,-,,延伸使用,1070214.0,,IRAC - 1A
31,水稻,褐飛蝨,丁基滅必蝨,50.000(%) (w/w),EC,1-1.2公升,1000,分蘗期,,-,15,,,,,,IRAC - 1A
32,水稻,黑尾葉蟬,丁基滅必蝨,40.000(%) (w/w),WP,1.2-1.5公斤,800,分蘗期,,-,15,,,,,,IRAC - 1A
33,水稻,褐飛蝨,丁基滅必蝨,40.000(%) (w/w),WP,1.2-1.5公斤,800,分蘗期,,-,15,,,,,,IRAC - 1A
34,水稻,紋枯病,三氟敏,43.700(%) (w/w),SC,每公斤種子加6毫升藥劑與9毫升水,,,,,,,1.使用範圍：水稻紋枯病（水稻種子處理）2.芽長度不超過0.5毫米，即和藥液混拌均勻。3.混拌藥液之稻種，靜置陰涼處10-15分鐘，使藥液完全附著於稻種。4.藥劑與水混合後再拌種。,,1000915.0,台灣拜耳股份有限公司,FRAC - 11
35,水稻,紋枯病,三氟敏,500 G/L (50% W/V),SC,每公斤種子加6毫升藥劑與9毫升水,,,,,,,1.使用範圍：水稻紋枯病（水稻種子處理）2.芽長度不超過0.5毫米，即和藥液混拌均勻。3.混拌藥液之稻種，靜置陰涼處10-15分鐘，使藥液完全附著於稻種。4.藥劑與水混合後再拌種。,,1000915.0,台灣拜耳股份有限公司,FRAC - 11
36,水稻,葉稻熱病,三賽唑,3.000(%) (w/w),GR,50G/平方公尺,,插秧前1天無露水時施藥,-,-,-,均勻撒佈後以竹竿輕掃秧田，使藥粒脫落土面。,防治水田秧苗葉稻熱病，撒藥前秧田應保持濕潤。,,,,FRAC - 16.1
37,水稻,穗稻熱病,三賽唑,41.700(%) (w/w),SC,0.8公斤,1500,抽穗前2天施藥,-,-,25,,,,,,FRAC - 16.1
38,水稻,葉稻熱病,三賽唑,41.700(%) (w/w),SC,0.67公升,1500,插秧後30-35天施藥,20,2,25,,視發病情形再隔二十天再施藥一次,,,,FRAC - 16.1
39,水稻,穗稻熱病,三賽唑,75.000(%) (w/w),WP,0.4公斤,加水至15公升,孕穗期前2天施藥,-,-,25,,穗稻熱病空中施藥，落藥標準在八平方公分應有直徑1000微米以下之落藥點112點以上。,,,,FRAC - 16.1
40,水稻,葉稻熱病,三賽唑,75.000(%) (w/w),WP,0.33公斤,3000,插秧後30-45天施藥,-,2,25,,,,,,FRAC - 16.1
41,水稻,稻熱病,三賽唑,75.000(%) (w/w),WP,葉:0.33公斤;穗:0.4公斤,30L/公頃水量,抽穗前7天施藥1次即可,-,-,25,使用共力牌動力噴霧機第1段速度，於清晨無風時噴撒,稻熱病低容量劑防治，葉稻熱病之施藥時間及次數按照一般方法。穗稻熱病於抽穗前7天施藥1次即可。,,,,FRAC - 16.1
42,水稻,穗稻熱病,三賽唑,75.000(%) (w/w),WP,0.4公斤,3000,抽穗前5天及齊穗期施藥,-,-,25,,,,,,FRAC - 16.1
43,水稻,稻熱病,三賽唑,8.000(%) (w/w),GR,40G/箱,,插秧前1天無露水時施藥,-,-,-,均勻撒佈後以掃把輕掃秧苗，使藥劑掉落地面再以澆水器灑水每箱約150公撮。,限育苗箱秧苗使用。,,,,FRAC - 16.1
44,水稻,稻熱病,三賽唑,75.000(%) (w/w),WP,2G/箱,,插秧前1天施藥,-,-,-,稀釋水量200-500公撮，以澆水器均勻灑在育苗箱。,限育苗箱秧苗使用。防治葉稻熱病。,,,,FRAC - 16.1
45,水稻,葉稻熱病,三賽唑,75.000(%) (w/w),WP,0.33公斤,60,插秧後30天至45天葉稻熱病初發生時施藥一次，7至10天後再施藥一次。,,2,25,1.適用於無人飛行載具。2.藥滴體積中值粒徑（VMD，Volume Media Diameter）應大於145微米，且植株上藥滴覆蓋率須達每平方公分50滴以上。,1.風速大於每秒3公尺時，請勿噴施。2.為防制飄散並避免鄰田污染應設置適當緩衝區。3.操作者應站於上風處，並保持適當操作距離。4.無人飛行載具飛行參數請參閱防檢局農藥資訊服務相關網站。,無人機施藥,1090401.0,,FRAC - 16.1
46,水稻,穗稻熱病,三賽唑,75.000(%) (w/w),WP,0.4公斤,50,抽穗前5-7天及齊穗期各施藥一次。,,2,25,1.適用於無人飛行載具。2.藥滴體積中值粒徑（VMD，Volume Media Diameter）應大於145微米，且植株上藥滴覆蓋率須達每平方公分50滴以上。,1.風速大於每秒3公尺時，請勿噴施。2.為防制飄散並避免鄰田污染應設置適當緩衝區。3.操作者應站於上風處，並保持適當操作距離。4.無人飛行載具飛行參數請參閱防檢局農藥資訊服務相關網站。,無人機施藥,1090401.0,,FRAC - 16.1
47,水稻,黑尾葉蟬,大利松,10.000 (%) (w/w),GR,18公斤,,生長初期,-,-,-,,,,,,IRAC - 1B
48,水稻,褐飛蝨,大利松,10.000 (%) (w/w),GR,18公斤,,生長初期,-,-,-,,,,,,IRAC - 1B
49,水稻,二化螟蟲,大利松,5.000(%) (w/w),GR,30公斤,,秧田至孕穗期,-,-,-,,孕穗至齊穗期每頃用藥量亦用30KG,,,,IRAC - 1B
50,水稻,穗稻熱病,丙基喜樂松,48.000 (%) (w/w),EC,1.2公升,1000,抽穗前齊穗施藥,-,-,-,插秧後35-50天施用一次，隔一週後再一次，再於抽穗前7天左右及齊穗期各施用一次。,,,,,FRAC - 6
51,水稻,葉稻熱病,丙基喜樂松,48.000 (%) (w/w),EC,1公升,1000,插秧後施藥,-,-,-,插秧後35-50天施用一次，隔一週後再一次，再於抽穗前7天左右及齊穗期各施用一次。,,,,,FRAC - 6
52,水稻,葉稻熱病,丙基喜樂松,17.000 (%) (w/w),GR,60公斤,,插秧後施藥,-,2,-,,,,,,FRAC - 6
53,水稻,穗稻熱病,丙基喜樂松,17.000 (%) (w/w),GR,60公斤,,插秧後施藥,-,2,-,,,,,,FRAC - 6
54,水稻,葉稻熱病,丙基喜樂松,48.000 (%) (w/w),EC,1公升,20,插秧後30天至45天葉稻熱病初發生時施藥一次，7至10天後再施藥一次。,,2,,1.適用於無人飛行載具。2.藥滴體積中值粒徑（VMD，Volume Media Diameter）應大於145微米，且植株上藥滴覆蓋率須達每平方公分50滴以上。,1.風速大於每秒3公尺時，請勿噴施。2.為防制飄散並避免鄰田污染應設置適當緩衝區。3.操作者應站於上風處，並保持適當操作距離。4.無人飛行載具飛行參數請參閱防檢局農藥資訊服務相關網站。,無人機施藥,1090401.0,,FRAC - 6
55,水稻,穗稻熱病,丙基喜樂松,48.000 (%) (w/w),EC,1.2公升,16.7,抽穗前5-7天及齊穗期各施藥一次。,,2,,1.適用於無人飛行載具。2.藥滴體積中值粒徑（VMD，Volume Media Diameter）應大於145微米，且植株上藥滴覆蓋率須達每平方公分50滴以上。,1.風速大於每秒3公尺時，請勿噴施。2.為防制飄散並避免鄰田污染應設置適當緩衝區。3.操作者應站於上風處，並保持適當操作距離。4.無人飛行載具飛行參數請參閱防檢局農藥資訊服務相關網站。,無人機施藥,1090401.0,,FRAC - 6
56,水稻,稻蝨類,加保利,39.500(%) (w/w),SC,1.1-1.5公升,800,害蟲發生時開始施藥,-,-,21,-,,延伸使用,1070214.0,,IRAC - 1A
57,水稻,黑尾葉蟬,加保利,40.000 (%) (w/w),SC,2公升加水4公升,,插秧前後,-,-,15,1.空中施藥防治。2.落藥標準：每8平方公分應有直徑1000微米以下之落藥點51點以上,,,,,IRAC - 1A
58,水稻,葉蟬類,加保利,40.000 (%) (w/w),UL,2.5公升,,,-,-,15,用手提乾電池式ULV噴藥器，每隔3-4公尺順風向成90度或逆風後退成180度方式噴射,地面超低容量撒佈防治水稻浮塵子,,,,IRAC - 1A
59,水稻,黑尾葉蟬,加保利,50.000 (%) (w/w),WP,0.8-1.2公斤,250,,-,-,21,動力微粒噴霧機噴藥,,,620727.0,,IRAC - 1A
60,水稻,褐飛蝨,加保利,50.000 (%) (w/w),WP,0.8-1.2公斤,250,,-,-,21,動力微粒噴霧機噴藥,,,620727.0,,IRAC - 1A
61,水稻,黑椿象,加保利,50.000 (%) (w/w),WP,2-2.4公斤,500,害蟲發生時開始施藥,-,-,21,,,,,,IRAC - 1A
62,水稻,稻蝨類,加保利,85.000 (%) (w/w),WP,0.5-0.7公斤,1700,害蟲發生時開始施藥,-,-,21,-,,延伸使用,980826.0,,IRAC - 1A
63,水稻,葉蟬類,加保利,85.000 (%) (w/w),WP,0.5-0.7公斤,1700,害蟲發生時開始施藥,-,-,-,-,,延伸使用,980826.0,,IRAC - 1A
64,水稻,椿象類,加保利,85.000 (%) (w/w),WP,0.5-0.7公斤,1700,害蟲發生時開始施藥,-,-,21,-,,延伸使用,980826.0,,IRAC - 1A
65,水稻,薊馬類,加保利,85.000 (%) (w/w),WP,0.5-0.7公斤,1700,害蟲發生時開始施藥,-,-,21,-,,延伸使用,980826.0,,IRAC - 1A
66,水稻,褐飛蝨,加保利,85.000 (%) (w/w),WP,0.5-0.7公斤,1700,害蟲發生時開始施藥,7-10,-,21,,,,,,IRAC - 1A
67,水稻,黑尾葉蟬,加保利,85.000 (%) (w/w),WP,0.5-0.7公斤,1700,害蟲發生時開始施藥,7-10,-,21,,,,,,IRAC - 1A
68,水稻,黑椿象,加保利,85.000 (%) (w/w),WP,1-1.2公斤,850,害蟲發生時開始施藥,,,21,,,,,,IRAC - 1A
69,水稻,黑尾葉蟬,加保利,85.000 (%) (w/w),WP,0.5-0.7公斤,420,,,,21,動力微粒噴霧機噴藥,,,,,IRAC - 1A
70,水稻,稻蝨類,加保利,40.000(%) (w/w),SC,1.1-1.5公升,800,害蟲發生時開始施藥,-,-,21,-,,延伸使用,1070214.0,,IRAC - 1A
71,水稻,稻蝨類,加保利,44.100(%) (w/w),SC,0.9-1.3公升,900,害蟲發生時開始施藥,-,-,21,-,,延伸使用,1070214.0,,IRAC - 1A
72,水稻,稻蝨類,加保利,50.000(%) (w/w),WP,0.85-1.2公斤,1000,害蟲發生時開始施藥,-,-,21,-,,延伸使用,1070214.0,,IRAC - 1A
73,水稻,褐飛蝨,加保利,39.500(%) (w/w),SC,1.1-1.5公升,800,害蟲發生時開始施藥,7-10,-,21,,,延伸使用,1070214.0,,IRAC - 1A
74,水稻,褐飛蝨,加保利,40.000(%) (w/w),SC,1.1-1.5公升,800,害蟲發生時開始施藥,7-10,-,21,,,延伸使用,1070214.0,,IRAC - 1A
75,水稻,褐飛蝨,加保利,44.100(%) (w/w),SC,0.9-1.3公升,900,害蟲發生時開始施藥,7-10,-,21,,,延伸使用,1070214.0,,IRAC - 1A
76,水稻,葉蟬類,加保利,39.500(%) (w/w),SC,1.1-1.5公升,800,害蟲發生時開始施藥,-,-,-,-,,延伸使用,1070214.0,,IRAC - 1A
77,水稻,葉蟬類,加保利,40.000(%) (w/w),SC,1.1-1.5公升,800,害蟲發生時開始施藥,-,-,-,-,,延伸使用,1070214.0,,IRAC - 1A
78,水稻,葉蟬類,加保利,44.100(%) (w/w),SC,0.9-1.3公升,900,害蟲發生時開始施藥,-,-,-,-,,延伸使用,1070214.0,,IRAC - 1A
79,水稻,葉蟬類,加保利,50.000(%) (w/w),WP,0.85-1.2公斤,1000,害蟲發生時開始施藥,-,-,-,-,,延伸使用,1070214.0,,IRAC - 1A
80,水稻,黑尾葉蟬,加保利,39.500(%) (w/w),SC,2公升加水4公升,,插秧前後,-,-,15,1.空中施藥防治。2.落藥標準：每8平方公分應有直徑1000微米以下之落藥點51點以上,,延伸使用,1070214.0,,IRAC - 1A
81,水稻,黑尾葉蟬,加保利,44.100(%) (w/w),SC,1.9公升加水4.1公升,,插秧前後,-,-,15,1.空中施藥防治。2.落藥標準：每8平方公分應有直徑1000微米以下之落藥點51點以上,,延伸使用,1070214.0,,IRAC - 1A
82,水稻,黑尾葉蟬,加保利,39.500(%) (w/w),SC,1-1.5公升,200,,,,21,動力微粒噴霧機噴藥,,延伸使用,1070214.0,,IRAC - 1A
83,水稻,黑尾葉蟬,加保利,40.000(%) (w/w),SC,1-1.5公升,200,,,,21,動力微粒噴霧機噴藥,,延伸使用,1070214.0,,IRAC - 1A
84,水稻,黑尾葉蟬,加保利,44.100(%) (w/w),SC,0.8-1.2公升,250,,,,21,動力微粒噴霧機噴藥,,延伸使用,1070214.0,,IRAC - 1A
85,水稻,椿象類,加保利,39.500(%) (w/w),SC,1.2-1.7公升,700,害蟲發生時開始施藥,-,-,21,-,,延伸使用,1070214.0,,IRAC - 1A
86,水稻,椿象類,加保利,40.000(%) (w/w),SC,1.2-1.7公升,700,害蟲發生時開始施藥,-,-,21,-,,延伸使用,1070214.0,,IRAC - 1A
87,水稻,椿象類,加保利,44.100(%) (w/w),SC,1-1.5公升,800,害蟲發生時開始施藥,-,-,21,-,,延伸使用,1070214.0,,IRAC - 1A
88,水稻,椿象類,加保利,50.000(%) (w/w),WP,0.9-1.3公斤,900,害蟲發生時開始施藥,-,-,21,-,,延伸使用,1070214.0,,IRAC - 1A
89,水稻,黑椿象,加保利,39.500(%) (w/w),SC,2.1-2.6公升,400,害蟲發生時開始施藥,,,21,,,延伸使用,1070214.0,,IRAC - 1A
90,水稻,黑椿象,加保利,40.000(%) (w/w),SC,2.1-2.6公升,400,害蟲發生時開始施藥,,,21,,,延伸使用,1070214.0,,IRAC - 1A
91,水稻,黑椿象,加保利,44.100(%) (w/w),SC,1.9-2.3公升,450,害蟲發生時開始施藥,,,21,,,延伸使用,1070214.0,,IRAC - 1A
92,水稻,薊馬類,加保利,39.500(%) (w/w),SC,1.1-1.5公升,800,害蟲發生時開始施藥,-,-,21,-,,延伸使用,1070214.0,,IRAC - 1A
93,水稻,薊馬類,加保利,40.000(%) (w/w),SC,1.1-1.5公升,800,害蟲發生時開始施藥,-,-,21,-,,延伸使用,1070214.0,,IRAC - 1A
94,水稻,薊馬類,加保利,44.100(%) (w/w),SC,0.9-1.3公升,900,害蟲發生時開始施藥,-,-,21,-,,延伸使用,1070214.0,,IRAC - 1A
95,水稻,薊馬類,加保利,50.000(%) (w/w),WP,0.85-1.2公斤,1000,害蟲發生時開始施藥,-,-,21,-,,延伸使用,1070214.0,,IRAC - 1A
96,水稻,斑飛蝨,加保扶,3.000(%) (w/w),GR,,,,-,-,-,用藥量：1.秧田期：每平方公尺10G。2.本田初期：每公頃40-45KG,,,,,IRAC - 1A
97,水稻,黑尾葉蟬,加保扶,3.000(%) (w/w),GR,40-60公斤,,,-,-,-,1.秧田期：播種後3天內，每平方公尺10G一次。2.本田期：本田移植後5天每公頃施用40KG1次，以控制媒介昆蟲,亦可防傳播稻縞葉枯病之媒介昆蟲,,,,IRAC - 1A
98,水稻,褐飛蝨,加保扶,3.000(%) (w/w),GR,40-60公斤,,害蟲發生時開始施藥,-,-,-,,,,,,IRAC - 1A
99,水稻,二化螟蟲,加保扶,3.000(%) (w/w),GR,40-50公斤孕穗-齊穗期,,害蟲發生時開始施藥,-,-,21,,,,,,IRAC - 1A
100,水稻,水象鼻蟲,加保扶,3.000(%) (w/w),GR,60公斤,,水稻生育初期，成蟲每叢平均0.5隻以上時施藥1次,-,1,-,本田期處理,施藥時，稻田需保持水位約一公分。,,820310.0,國際技術社股份有限公司,IRAC - 1A
101,水稻,負泥蟲,加保扶,3.000(%) (w/w),GR,40-60公斤,,生長初期,-,-,-,,,,,,IRAC - 1A
102,水稻,水象鼻蟲,加保扶,3.000(%) (w/w),GR,50公克,,機械插秧前24小時內,-,-,-,將藥劑均勻撒佈於育苗箱，撒佈後用木棒輕掃，使藥劑落於土面，然後再少量灑水(應避免水流出)以免藥劑掉落或飛散,插秧後，本田水位保持2-3公分，為期四至五天,,810804.0,國際技術社股份有限公司,IRAC - 1A
103,水稻,一點螟蟲,加保扶,3.000(%) (w/w),GR,40-50公斤,-,孕穗期至齊穗期,-,-,21,-,-,延伸使用,980826.0,,IRAC - 1A
104,水稻,大螟,加保扶,3.000(%) (w/w),GR,40-50公斤,-,孕穗期至齊穗期,-,-,21,-,-,延伸使用,980826.0,,IRAC - 1A
105,水稻,稻象鼻蟲,加保扶,3.000(%) (w/w),GR,60公斤,-,害蟲發生時施藥1次,-,1,-,施藥時，稻田需保持水位約1公分。,-,延伸使用,980826.0,,IRAC - 1A
106,水稻,鐵甲蟲,加保扶,3.000(%) (w/w),GR,60公斤,-,害蟲發生時施藥1次,-,1,-,施藥時，稻田需保持水位約1公分。,-,延伸使用,980826.0,,IRAC - 1A
107,水稻,稻蝨類,加保扶,3.000(%) (w/w),GR,40-60公斤,-,害蟲發生時開始施藥,-,-,-,-,,延伸使用,980826.0,,IRAC - 1A
108,水稻,葉蟬類,加保扶,3.000(%) (w/w),GR,40-60公斤,-,害蟲發生時開始施藥,-,-,-,-,,延伸使用,980826.0,,IRAC - 1A
109,水稻,椿象類,加保扶,3.000(%) (w/w),GR,40-60公斤,-,害蟲發生時開始施藥,-,-,-,-,,延伸使用,980826.0,,IRAC - 1A
110,水稻,薊馬類,加保扶,3.000(%) (w/w),GR,40-60公斤,-,害蟲發生時開始施藥,-,-,-,-,,延伸使用,980826.0,,IRAC - 1A
111,水稻,稻心蠅,加保扶,3.000(%) (w/w),GR,30公斤,,,-,-,15,1.晚植稻應提早在插秧後15天開始施藥。2.孕穗期劍葉有害狀時才施藥，否則可免施藥,,,,,IRAC - 1A
112,水稻,黑尾葉蟬,加保扶,3.000(%) (w/w),GR,100G/每育苗箱,,於機械插秧前24小時,-,-,-,於機械插秧前24小時施用，並灑水至飽和狀態,限育苗箱秧苗使用。,,,,IRAC - 1A
113,水稻,葉稻熱病,加普胺,15.000 (%) (w/w),SC,0.5公升,2000,病害發生初期開始施藥,10,2,14,,,,880614.0,台灣拜耳股份有限公司,FRAC - 16.2
114,水稻,穗稻熱病,加普胺,15.000 (%) (w/w),SC,0.6公升,2000,抽穗前7天及齊穗期各1,,2,14,,,,880614.0,台灣拜耳股份有限公司,FRAC - 16.2
115,水稻,稻熱病,加普胺,4.000(%) (w/w),GR,30G,,插秧前1天施藥,,-,-,撒後用掃把輕掃秧苗，使藥掉落，再澆水每箱500公撮,限育苗箱秧苗使用。,,880614.0,台灣拜耳股份有限公司,FRAC - 16.2
116,水稻,二化螟蟲,加福松,50.000 (%) (w/w),EC,0.8-1.2公升秧田至孕穗,1000,,,,21,孕穗至齊穗期用1.2L,,,630529.0,日商三共股份有限公司台北分公司,IRAC - 1B
117,水稻,水象鼻蟲,可尼丁,0.500(%) (w/w),GR,50公克,-,插秧前24小時,-,-,-,-,插秧前24小時，將藥劑均勻撒布於育苗箱，並灑水至飽和狀態。2.限育苗箱使用。,,1000317.0,立農化學股份有限公司,IRAC - 4A
118,水稻,稻蝨類,可尼丁,0.500(%) (w/w),GR,本田：40-60公斤/公頃,,害蟲發生時開始施藥,7,-,-,-,本田使用：有施藥時稻田需保持水位約1公分。,延伸使用,1050505.0,,IRAC - 4A
119,水稻,稻蝨類,可尼丁,0.500(%) (w/w),GR,育苗箱：50公克/公頃,,插秧前24小時,-,-,-,育苗箱使用：將藥劑均勻撒布於育苗箱，並灑水至飽和狀態。,-,延伸使用,1050505.0,,IRAC - 4A
120,水稻,稻蝨類,可尼丁,16.000(%) (w/w),SG,0.4公斤,3000,-,-,-,10,-,田間褐飛蝨密度每欉平均5隻左右施藥一次，其後如密度升高至每欉20隻以上時，行第二次施藥。,延伸使用,1050505.0,,IRAC - 4A
121,水稻,立枯病,右滅達樂,2.500(%) (w/w),GR,每箱二公克,,育苗時施藥,-,-,-,藥劑與育苗土(包括覆蓋土)混合均勻後播種,限育苗箱秧苗使用。,,890202.0,台灣先正達股份有限公司,FRAC - 4
122,水稻,紋枯病,四克利,10.700(%) (w/w),EC,1公升,1000,病害發生初期開始施藥。,14,,14,,施藥前排除田間積水。,,900108.0,,FRAC - 3
123,水稻,紋枯病,四克利,11.600(%) (w/w),EW,1公升,1000,病害發生初期開始施藥。,14,,14,,施藥前排除田間積水。,延伸使用,1060119.0,,FRAC - 3
124,水稻,褐飛蝨,布芬大利松,5.000(%) (w/w),GR,30公斤,,,-,-,15,,稻田應保持淺水狀態約一公分,,811016.0,,IRAC - 1B/16
125,水稻,二化螟蟲,布芬大利松,5.000(%) (w/w),GR,30公斤,,,-,-,21,再將進水口封住，將粒劑均勻撒佈於水面,每次施藥前先灌水約一公分,,,,IRAC - 1B/16
126,水稻,斑飛蝨,布芬大利松,25.000 (%) (w/w),WP,1.6公斤,750,抽穗後,-,-,15,抽穗後，每穗發現1-2隻斑飛蝨時施藥一次,,,,,IRAC - 1B/16
127,水稻,褐飛蝨,布芬大利松,25.000 (%) (w/w),WP,1.6公斤,750,分蘗期,,-,20,,,,,,IRAC - 1B/16
128,水稻,褐飛蝨,布芬治蝨,25.000 (%) (w/w),WP,1.6公斤,750,分蘗期開始施藥,7,-,15,,,,,,IRAC - 16/1A
129,水稻,斑飛蝨,布芬治蝨,25.000 (%) (w/w),WP,1.6公斤,750,抽穗後,-,-,15,抽穗後每穗發現1-2隻斑飛蝨時施藥一次,,,,,IRAC - 16/1A
130,水稻,斑飛蝨,布芬淨,40.000(%) (w/w),SC,0.5公升,加水至15公升,一期作插秧後40-50天。,,,15,1.空中施藥：每8平方公分相紙內應有直徑1000μ以下之藥點135點以上。2.人力噴藥：稀釋2000倍，每穗1-2隻斑飛蝨時,避免南瓜田使用，以免藥害。,,,,IRAC - 16
131,水稻,褐飛蝨,布芬淨,25.000(%) (w/w),WP,0.8公斤,1500,孕穗末期若蟲發生盛期。,,,15,,"1.本劑對若蟲防治效果較佳。2.宜於水稻孕穗末期若蟲發生盛期使用一次。3.本劑試驗時加「新利農」展著劑3,000倍。",,,,IRAC - 16
132,水稻,斑飛蝨,布芬淨,25.000(%) (w/w),WP,0.8公斤,1500,孕穗期後若蟲發生高時。,,,15,孕穗期後若蟲發生密度高時施藥一次,"本劑試驗時加「新利農展著劑」3,000倍。",,,,IRAC - 16
133,水稻,褐飛蝨,布芬淨,40.000(%) (w/w),SC,0.48公升,2500,孕穗末期若蟲發生盛期。,,,15,,1.本劑對若蟲防治效果較佳。2.宜於水稻孕穗末期若蟲發生盛期使用一次。,延伸使用,1061027.0,,IRAC - 16
134,水稻,斑飛蝨,布芬第滅寧,11.780 (%) (w/w),EC,1.2公升,1000,抽穗後,-,-,15,抽穗後每穗發現1-2隻時施藥一次,,,,,IRAC - 16/3A
135,水稻,褐飛蝨,布芬第滅寧,11.780 (%) (w/w),EC,1-1.2公升,1000,分蘗期,,-,15,,水稻生長期，如發現每叢水稻褐飛蝨平均密度在五隻以上，開始施藥，效果較佳,,,,IRAC - 16/3A
136,水稻,瘤野螟,布芬第滅寧,11.780 (%) (w/w),EC,初期1公升,600,孕穗抽穗初,-,-,15,成蟲發生盛期後七天或幼蟲捲葉率在2%以上時施藥一次,特別注意孕穗期及抽穗初期之防除,,,,IRAC - 16/3A
137,水稻,斑飛蝨,布芬第滅寧,11.780 (%) (w/w),SC,1.2公升,1000,抽穗後,-,-,15,抽穗後每穗發現1-2隻時施藥一次,,,990107.0,聯利農業科技股份有限公司,IRAC - 16/3A
138,水稻,褐飛蝨,布芬第滅寧,11.780 (%) (w/w),SC,1-1.2公升,1000,分蘗期,-,-,15,-,水稻生長期，如發現每叢水稻褐飛蝨平均密度在五隻以上，開始施藥，效果較佳,,990107.0,聯利農業科技股份有限公司,IRAC - 16/3A
139,水稻,瘤野螟,布芬第滅寧,11.780 (%) (w/w),SC,初期1公升,600,孕穗抽穗初,-,-,15,成蟲發生盛期後七天或幼蟲捲葉率在2%以上時施藥一次,特別注意孕穗期及抽穗初期之防除,,990107.0,聯利農業科技股份有限公司,IRAC - 16/3A
140,水稻,斑飛蝨,布芬滅蝨,25.000 (%) (w/w),WP,1.6公斤,750,抽穗後,-,-,14,抽穗後每穗發現一至二隻斑飛蝨時施藥一次,,,,,IRAC - 16/1A
141,水稻,褐飛蝨,布芬滅蝨,25.000 (%) (w/w),WP,1.6公斤,750,分蘗期開始施藥,7,-,15,水稻生長期如發現每叢水稻平均密度五隻以上，即行施藥，每隔7-10天施藥一次,,,,,IRAC - 16/1A
142,水稻,螟蛾類,布得芬諾,15.000(%) (w/w),WP,1.2公斤,1000,害蟲發生時開始施藥,7,-,21,-,-,延伸使用,1050505.0,,IRAC - 16/18
143,水稻,稻蝨類,布得芬諾,15.000(%) (w/w),WP,1.2公斤,1000,害蟲發生時開始施藥,7,-,15,-,-,延伸使用,1050505.0,,IRAC - 16/18
144,水稻,紋枯病,平氟芬,240 G/L (24% W/V),FS,每公斤稻種混拌8毫升藥劑與7毫升水,-,-,-,-,-,1.稻種預先浸水催芽，至萌芽時，即與藥劑混拌均勻。2.混拌藥液之稻種，逕至陰涼處15分鐘，使藥液完全附著於稻種。,1.藥劑與水混合後再拌種。,,1041223.0,台灣拜耳股份有限公司,FRAC - 7
145,水稻,紋枯病,平氟芬,240 G/L (24% W/V),FS,每公斤稻種混拌8毫升藥劑與7毫升水。,,,,,,1. 乾稻種直接與藥劑混拌均勻。2. 混拌藥液之稻種，進行風乾，使藥液完全附著於稻種，再行浸種催芽育苗。,1. 適用於水稻種子處理。2. 使用時添加拌種用樹脂(Peridiam® EC 104) 2毫升。,,1070223.0,,FRAC - 7
146,水稻,黑尾葉蟬,必克蝨,25.000(%) (w/w),EC,1.2-1.5公升,250,分蘗期,,-,-,動力微粒噴霧機噴藥,,,,,
147,水稻,褐飛蝨,必克蝨,25.000(%) (w/w),EC,1.2-1.5公升,250,分蘗期,,-,-,動力微粒噴霧機噴藥,,,,,
148,水稻,褐飛蝨,必克蝨,25.000(%) (w/w),EC,1.0-1.2公升,1000,分蘗期,,-,-,人力噴霧器噴藥,,,,,
149,水稻,黑尾葉蟬,必克蝨,25.000(%) (w/w),EC,1.0-1.2公升,1000,分蘗期,,-,-,人力噴霧器噴藥,,,,,
150,水稻,黑尾葉蟬,必克蝨,30.000 (%) (w/w),EC,1.0-1.2公升,1200,分蘗期開始施藥,7,-,-,人力噴霧器噴藥,,,,,
151,水稻,褐飛蝨,必克蝨,30.000 (%) (w/w),EC,1.25-1.5公升,300,分蘗期開始施藥,7,-,-,動力微粒噴霧機噴藥,,,,,
152,水稻,褐飛蝨,必克蝨,30.000 (%) (w/w),EC,1.0-1.2公升,1200,分蘗期開始施藥,7,-,-,人力噴霧器噴藥,,,,,
153,水稻,黑尾葉蟬,必克蝨,30.000(%) (w/w),EC,1.25-1.5公升,300,分蘗期開始施藥,7,-,-,動力微粒噴霧機噴藥,,,,,
154,水稻,褐飛蝨,必克蝨,3.000(%) (w/w),GR,35公斤,,生長初期,20,-,15,,,,,,
155,水稻,立枯病,本達樂,35.000(%) (w/w),WP,0.25公克/箱,2000,播種後即灌藥液再覆土,-,-,-,覆蓋土：每箱覆土0.6公斤拌藥0.0375G；播種前1-2天將藥與覆蓋土混勻,限育苗箱秧苗使用。,,820326.0,意農有限公司,FRAC - 4
156,水稻,稻熱病,甲基多保淨,40.000(%) (w/w),SC,1公升,1000,-,-,-,21,-,1.葉稻熱病：插秧後35-50天，發病初期施藥一次，10天後再施藥一次。穗稻熱病：於抽穗前7天及齊穗期各施藥一次。,,1000317.0,瑞繐股份有限公司,FRAC - 1
157,水稻,消毒,多得淨,80.000 (%) (w/w),WP,,800,萌芽時,-,-,-,,稻種消毒,,,,FRAC - 1/M3
158,水稻,黑尾葉蟬,安丹,5.000(%) (w/w),GR,36公斤,,生長初期,-,-,-,,,,,,IRAC - 1A
159,水稻,褐飛蝨,安丹,5.000(%) (w/w),GR,36公斤,,生長初期,,-,-,,,,,,IRAC - 1A
160,水稻,褐飛蝨,安丹,50.000 (%) (w/w),WP,1-1.2公斤,1000,分蘗期,-,-,-,,,,,,IRAC - 1A
161,水稻,黑尾葉蟬,安丹,50.000 (%) (w/w),WP,1-1.2公斤,1000,分蘗期,-,-,-,,,,,,IRAC - 1A
162,水稻,苗立枯病,安美速,17.700(%) (w/w),SC,0.25毫升,2000,1. 種子催芽、撒播後，育苗箱栽培介質及種子全面灌注，灌注後覆土，覆土高度不超過1 公分。2. 每育苗箱施用500毫升稀釋液。,,,,,限育苗箱使用。,,1080619.0,台灣日產化工股份有限公司,FRAC - 21
163,水稻,穗稻熱病,百克敏,100 G/L (10% W/V),CS,0.875公升,1000,抽穗初期開始施藥。,10,連續2次,35,,,,1091130.0,台灣巴斯夫股份有限公司,FRAC - 11
164,水稻,葉稻熱病,百快隆,5.000(%) (w/w),GR,40公斤,,病害發生初期開始施藥,-,-,7,,施藥時稻田內應保持水深3-5CM。,,,,FRAC - 16.1
165,水稻,穗稻熱病,百快隆,5.000(%) (w/w),GR,50公斤,,抽穗前20天施藥,-,-,7,,施藥時稻田內應保持水深3-5CM。,,,,FRAC - 16.1
166,水稻,黑尾葉蟬,百滅寧,10.000(%) (w/w),EC,0.5-0.6公升,2000,分蘗期。,,,15,,,,,,IRAC - 3A
167,水稻,黑尾葉蟬,百滅寧,10.000(%) (w/w),EW,0.5-0.6公升,2000,分蘗期。,,,15,,,,,,IRAC - 3A
168,水稻,黑尾葉蟬,百滅寧,5.000(%) (w/w),UL,2公升,,,,,10,地面超低容量撒佈防治水稻浮塵子：用手提乾電池式ULV噴藥器，每隔3-4公尺順風向成90度或逆風後退成180度方式噴射,,,,,IRAC - 3A
169,水稻,黑尾葉蟬,百滅寧,10.000(%) (w/w),WP,0.5-0.6公斤,2000,分蘗期開始施藥。,7,,15,,,變更安全劑型,860218.0,,IRAC - 3A
170,水稻,徒長病,佈生,30.000 (%) (w/w),EC,,1000,稻種浸漬時施藥,-,-,-,1.浸藥時間6小時。2.稻種浸漬常加攪拌，以增加藥效。3.消毒後再浸水催芽,限育苗箱秧苗使用。藥液可以連續使用二次,,,,
171,水稻,消毒,佈生,30.000 (%) (w/w),EC,,60(防徒長病),稻種浸漬時,-,-,-,"1.每100KG稻種用藥量110ML。2.以塑膠布舖在平坦地上,將稻種均勻舖上後，以稀釋液均勻撒佈並充分攪拌。3.消毒後放2天以上再浸水催芽",,,,,
172,水稻,穗稻熱病,克枯三賽唑,33.000 (%) (w/w),WP,1.2公斤,1000,抽穗前7天及齊穗期施藥1次,-,1,35,-,1.本藥劑混合6.5%鐵甲砷酸銨溶液，25%賓克隆可濕性粉劑等二種之任一農藥或同時混合25%賓克隆可濕性粉劑及75%毆殺松水溶性粉劑二種農藥，可能發生藥害。,,970909.0,大勝化學工業股份有限公司,FRAC - 16.1/34
173,水稻,白葉枯病,克枯三賽唑,33.000 (%) (w/w),WP,1公斤,1000,病害發生初期開始施藥,10,2,35,-,1.本藥劑混合6.5%鐵甲砷酸銨溶液，25%賓克隆可濕性粉劑等二種之任一農藥或同時混合25%賓克隆可濕性粉劑及75%毆殺松水溶性粉劑二種農藥，可能發生藥害。,,970909.0,大勝化學工業股份有限公司,FRAC - 16.1/34
174,水稻,葉稻熱病,克枯三賽唑,33.000 (%) (w/w),WP,1.0公斤,1000,病害發生初期開始施藥,10,2,35,-,1.本藥劑混合6.5%鐵甲砷酸銨溶液，25%賓克隆可濕性粉劑等二種之任一農藥或同時混合25%賓克隆可濕性粉劑及75%毆殺松水溶性粉劑二種農藥，可能發生藥害。,,970909.0,大勝化學工業股份有限公司,FRAC - 16.1/34
175,水稻,白葉枯病,克枯爛,10.000 (%) (w/w),SC,1.2公升,1000,病害發生初期開始施藥,10,3,15,,本藥劑可能發生藥害，宜單劑使用，不得混合6.5%鐵甲砷酸銨溶液、25%賓克隆可濕性粉劑、75%三賽唑可濕性粉劑等三種之任一種農藥，或同時混合25%賓克隆可濕性粉劑及75%毆殺松水溶性粉劑二種農藥。,變更安全劑型,1090706.0,,FRAC - 34
176,水稻,白葉枯病,克枯爛,10.000 (%) (w/w),WP,1.2公斤,1000,病害發生初期開始施藥,10,3,15,,本藥劑可能發生藥害，宜單劑使用，不得混合6.5%鐵甲砷酸銨溶液、25%賓克隆可濕性粉劑、75%三賽唑可濕性粉劑等三種之任一種農藥，或同時混合25%賓克隆可濕性粉劑及75%毆殺松水溶性粉劑二種農藥。,,790317.0,日商三共股份有限公司台北分公司,FRAC - 34
177,水稻,穗稻熱病,克熱淨,25.000 (%) (w/w),SL,2.4公升,500,-,-,-,23,-,一、葉稻熱病之施藥時期及次數按照一般方法行之。二、穗稻熱病於抽穗前一週及齊穗期各施藥一次。,,,,FRAC - M7
178,水稻,葉稻熱病,克熱淨,25.000 (%) (w/w),SL,2公升,500,-,-,-,23,-,一、葉稻熱病之施藥時期及次數按照一般方法行之。二、穗稻熱病於抽穗前一週及齊穗期各施藥一次。,,,,FRAC - M7
179,水稻,葉稻熱病,克熱賜圃,33.000 (%) (w/w),WP,0.67公斤,1500,病害發生初期開始施藥,10,-,21,,,,930429.0,日佳農葯股份有限公司,FRAC - M7/6
180,水稻,穗稻熱病,克熱賜圃,33.000 (%) (w/w),WP,0.8公斤,1500,"抽穗前7天,齊穗期各1",-,-,21,,,,930429.0,日佳農葯股份有限公司,FRAC - M7/6
181,水稻,褐飛蝨,免扶克,20.000 (%) (w/w),EC,2.0-2.4公升,500,分蘗期,7-10,-,37,,水稻生長期，如發現每叢水稻褐飛蝨平均密度在五隻以上，開始施藥，隔7-10天再施藥1次；在褐飛蝨若蟲期施藥，效果較佳,,,,IRAC - 1A
182,水稻,稻蝨類,免扶克,20.000 (%) (w/w),EC,2.0-2.4公升,500,分蘗期,7-10,-,37,-,,延伸使用,980826.0,,IRAC - 1A
183,水稻,葉蟬類,免扶克,20.000 (%) (w/w),EC,2.0-2.4公升,500,分蘗期,7-10,-,37,-,,延伸使用,980826.0,,IRAC - 1A
184,水稻,椿象類,免扶克,20.000 (%) (w/w),EC,2.0-2.4公升,500,分蘗期,7-10,-,37,-,,延伸使用,980826.0,,IRAC - 1A
185,水稻,薊馬類,免扶克,20.000 (%) (w/w),EC,2.0-2.4公升,500,分蘗期,7-10,-,37,-,,延伸使用,980826.0,,IRAC - 1A
186,水稻,稻象鼻蟲,免扶克,5.000(%) (w/w),GR,40公斤,-,害蟲發生時施藥1次,-,1,-,施藥時稻田需保持水位1公分。,1.本藥劑僅在水稻生育初期使用，晚期不可施。,延伸使用,980826.0,,IRAC - 1A
187,水稻,鐵甲蟲,免扶克,5.000(%) (w/w),GR,40公斤,-,害蟲發生時施藥1次,-,1,-,施藥時稻田需保持水位1公分。,1.本藥劑僅在水稻生育初期使用，晚期不可施。,延伸使用,980826.0,,IRAC - 1A
188,水稻,負泥蟲,免扶克,5.000(%) (w/w),GR,40公斤,-,害蟲發生時施藥1次,-,1,-,施藥時稻田需保持水位1公分。,1.本藥劑僅在水稻生育初期使用，晚期不可施。,延伸使用,980826.0,,IRAC - 1A
189,水稻,水象鼻蟲,免扶克,5.000(%) (w/w),GR,40公斤,,生育初期成蟲0.5隻/叢,-,-,-,,"施藥時稻田需保持水位1CM,晚期不可施用",,850209.0,,IRAC - 1A
190,水稻,褐飛蝨,免扶克,25.000(%) (w/w),WP,1.4-1.7公斤,700,分蘗期,7-10,-,37,,1.水稻生長期，如發現每叢水稻褐飛蝨平均密度在五隻以上，開始施藥，隔7-10天再施藥1次。2.在褐飛蝨若蟲期施藥，效果較佳。3.避免於開花使用。,延伸使用,1060822.0,,IRAC - 1A
191,水稻,褐飛蝨,免扶克,40.000(%) (w/w),SC,1.0-1.2公升,1000,分蘗期,7-10,-,37,,1.水稻生長期，如發現每叢水稻褐飛蝨平均密度在五隻以上，開始施藥，隔7-10天再施藥1次。2.在褐飛蝨若蟲期施藥，效果較佳。3.避免於開花使用。,延伸使用,1060822.0,,IRAC - 1A
192,水稻,稻蝨類,免扶克,25.000(%) (w/w),WP,1.4-1.7公斤,700,分蘗期,7-10,-,37,-,1.水稻生長期，如發現每叢水稻褐飛蝨平均密度在五隻以上，開始施藥，隔7-10天再施藥1次。2.在褐飛蝨若蟲期施藥，效果較佳。3.避免於開花使用。,延伸使用,1060822.0,,IRAC - 1A
193,水稻,稻蝨類,免扶克,40.000(%) (w/w),SC,1.0-1.2公升,1000,分蘗期,7-10,-,37,-,1.水稻生長期，如發現每叢水稻褐飛蝨平均密度在五隻以上，開始施藥，隔7-10天再施藥1次。2.在褐飛蝨若蟲期施藥，效果較佳。3.避免於開花使用。,延伸使用,1060822.0,,IRAC - 1A
194,水稻,葉蟬類,免扶克,25.000(%) (w/w),WP,1.4-1.7公斤,700,分蘗期,7-10,-,37,-,避免於開花使用。,延伸使用,1060822.0,,IRAC - 1A
195,水稻,葉蟬類,免扶克,40.000(%) (w/w),SC,1.0-1.2公升,1000,分蘗期,7-10,-,37,-,避免於開花使用。,延伸使用,1060822.0,,IRAC - 1A
196,水稻,薊馬類,免扶克,25.000(%) (w/w),WP,1.4-1.7公斤,700,分蘗期,7-10,-,37,-,避免於開花使用。,延伸使用,1060822.0,,IRAC - 1A
197,水稻,薊馬類,免扶克,40.000(%) (w/w),SC,1.0-1.2公升,1000,分蘗期,7-10,-,37,-,避免於開花使用。,延伸使用,1060822.0,,IRAC - 1A
198,水稻,椿象類,免扶克,25.000(%) (w/w),WP,1.4-1.7公斤,700,分蘗期,7-10,-,37,-,避免於開花使用。,延伸使用,1060822.0,,IRAC - 1A
199,水稻,椿象類,免扶克,40.000(%) (w/w),SC,1.0-1.2公升,1000,分蘗期,7-10,-,37,-,避免於開花使用。,延伸使用,1060822.0,,IRAC - 1A
200,水稻,褐飛蝨,免敵克,40.000 (%) (w/w),WP,1-1.2公斤,1000,分蘗期開始施藥,7,-,15,,,,,,IRAC - 1A
201,水稻,稻蝨類,免敵克,40.000(%) (w/w),WP,1-1.2公斤,1000,害蟲發生時開始施藥,-,-,15,-,,延伸使用,980826.0,,IRAC - 1A
202,水稻,葉蟬類,免敵克,40.000(%) (w/w),WP,1-1.2公斤,1000,害蟲發生時開始施藥,-,-,15,-,,延伸使用,980826.0,,IRAC - 1A
203,水稻,椿象類,免敵克,40.000(%) (w/w),WP,1-1.2公斤,1000,害蟲發生時開始施藥,-,-,15,-,,延伸使用,980826.0,,IRAC - 1A
204,水稻,薊馬類,免敵克,40.000(%) (w/w),WP,1-1.2公斤,1000,害蟲發生時開始施藥,-,-,15,-,,延伸使用,980826.0,,IRAC - 1A
205,水稻,消毒,免賴地,40.000 (%) (w/w),WP,,1000,萌芽時,-,3,-,,稻種消毒,,,,FRAC - 1/M3
206,水稻,稻熱病,免賴得,50.000(%) (w/w),WP,0.6-0.8公斤,1500,,-,-,-,,第一次施藥後隔14天左右孕穗初期再施藥一次。,,,,FRAC - 1
207,水稻,消毒,免賴得,50.000(%) (w/w),WP,,1000,萌芽時,-,3,-,稻種先浸水至萌芽時即浸於該藥液內4-12hr，並予攪動提高藥效。,1.稻種消毒後不必水洗即可播種。3.藥液調配後24hr.內，可連續施用3次,,,,FRAC - 1
208,水稻,紋枯病,免賴得,50.000(%) (w/w),WP,0.6-0.8公斤,1500,,-,-,-,,第一次施藥後隔14天左右孕穗初期再施藥一次。,,,,FRAC - 1
209,水稻,稻螟蛉,貝他-賽扶寧,2.900(%) (w/w),EC,0.75公升,1500,-,-,-,7,-,1.特別注意孕穗期至抽穗初期之防除。2.靠近雜草叢生地區宜注意水稻生育初期受害。,延伸使用,980826.0,,IRAC - 3A
210,水稻,夜蛾類,貝他-賽扶寧,2.900(%) (w/w),EC,0.75公升,1500,-,-,-,7,-,1.特別注意孕穗期至抽穗初期之防除。2.靠近雜草叢生地區宜注意水稻生育初期受害。,延伸使用,980826.0,,IRAC - 3A
211,水稻,樹蔭蝶,貝他-賽扶寧,2.900(%) (w/w),EC,0.75公升,1500,-,-,-,7,-,1.特別注意孕穗期至抽穗初期之防除。2.靠近雜草叢生地區宜注意水稻生育初期受害。,延伸使用,980826.0,,IRAC - 3A
212,水稻,瘤野螟,貝他-賽扶寧,2.900(%) (w/w),EC,0.75公升,1500,1隻/平方公尺,-,-,7,,注意孕穗至抽穗初期之防除;注意水稻生育初期受害,,821014.0,拜耳作物科學股份有限公司,IRAC - 3A
213,水稻,紋枯病,貝芬同,50.000 (%) (w/w),WP,1-1.2公斤,1000,病害發生初期開始施藥,14,,14,,,,1060119.0,,FRAC - 1/2
214,水稻,紋枯病,貝芬同,55.000 (%) (w/w),WP,1-1.2公斤,1000,病害發生初期開始施藥,14,,14,,,,1060119.0,,FRAC - 1/2
215,水稻,紋枯病,貝芬普寧,75.000 (%) (w/w),WP,1.33公斤,750,,14,2,10,,,,,,FRAC - 1/7
216,水稻,白葉枯病,貝萊斯芽孢桿菌BF,1x10^9 CFU/G,WP,1.67公斤,600,病害發生初期開始施藥。,7,連續3次,,,全株均勻噴施。,,1090504.0,亞亮生技股份有限公司,FRAC - BM02
217,水稻,細菌性條斑病,貝萊斯芽孢桿菌BF,1x10^9 CFU/G,WP,1.67公斤,600,病害發生初期開始施藥。,7,連續3次,,,,延伸使用,1101015.0,,FRAC - BM02
218,水稻,葉稻熱病,亞汰尼,200 G/L(20% W/V),FS,每公斤稻種10毫升,-,-,-,-,-,稻種預先浸水催芽，至萌芽時，藥劑加5毫升水混拌均勻。,1.使用範圍：水稻葉稻熱病（水稻種子處理）。,,1010328.0,台灣拜耳股份有限公司,FRAC - P3
219,水稻,葉稻熱病,亞汰尼,200 G/L(20% W/V),FS,每公斤稻種混拌10毫升藥劑和5毫升水,,,,,,1. 乾稻種直接與藥劑混拌均勻。2. 混拌藥液之稻種，進行風乾，使藥液完全附著於稻種，再行浸種催芽育苗。,1. 適用於水稻種子處理。2. 使用時添加拌種用樹脂(Peridiam® EC 104) 2毫升。,,1070223.0,,FRAC - P3
220,水稻,二化螟蟲,亞素靈,8.000(%) (w/w),GR,30公斤,,側黃葉出現後及孕穗末,-,2,21,,,,920108.0,惠光股份有限公司,IRAC - 1B
221,水稻,穗稻熱病,亞賜圃,40.000 (%) (w/w),EC,1.2公升,1000,,-,-,14,,,,,,FRAC - 6
222,水稻,葉稻熱病,亞賜圃,40.000 (%) (w/w),EC,1公升,1000,,-,-,14,,,,,,FRAC - 6
223,水稻,葉稻熱病,亞賜圃,40.000 (%) (w/w),WP,0.67-1公斤,1000-1500,,-,-,14,,本藥劑試驗時加展著劑新利農3000倍,,,,FRAC - 6
224,水稻,穗稻熱病,亞賜圃,40.000 (%) (w/w),WP,0.8-1.2公斤,1000-1500,,-,-,14,,本藥劑試驗時加展著劑新利農3000倍,,,,FRAC - 6
225,水稻,稻熱病,亞賜圃,40.000 (%) (w/w),WP,20G/箱,25,育苗中期施藥,-,-,-,秧苗綠化初期稀釋水量500ML以澆水器均勻灑在育苗箱內,限育苗箱秧苗使用。,,,,FRAC - 6
226,水稻,葉稻熱病,亞賜圃,40.000 (%) (w/w),EC,1公升,20,插秧後30天至45天葉稻熱病初發生時施藥一次，7至10天後再施藥一次。,,2,14,1.適用於無人飛行載具。2.藥滴體積中值粒徑（VMD，Volume Media Diameter）應大於145微米，且植株上藥滴覆蓋率須達每平方公分50滴以上。,1.風速大於每秒3公尺時，請勿噴施。2.為防制飄散並避免鄰田污染應設置適當緩衝區。3.操作者應站於上風處，並保持適當操作距離。4.無人飛行載具飛行參數請參閱防檢局農藥資訊服務相關網站。,無人機施藥,1090401.0,,FRAC - 6
227,水稻,穗稻熱病,亞賜圃,40.000 (%) (w/w),EC,1.2公升,16.7,抽穗前5-7天及齊穗期各施藥一次。,,2,14,1.適用於無人飛行載具。2.藥滴體積中值粒徑（VMD，Volume Media Diameter）應大於145微米，且植株上藥滴覆蓋率須達每平方公分50滴以上。,1.風速大於每秒3公尺時，請勿噴施。2.為防制飄散並避免鄰田污染應設置適當緩衝區。3.操作者應站於上風處，並保持適當操作距離。4.無人飛行載具飛行參數請參閱防檢局農藥資訊服務相關網站。,無人機施藥,1090401.0,,FRAC - 6
228,水稻,褐飛蝨,依芬寧,10.000 (%) (w/w),EC,1.6公升,750,分蘗期開始施藥,7,,15,,,,,,IRAC - 3A
229,水稻,褐飛蝨,依芬寧,20.000 (%) (w/w),WP,0.8公斤,1500,分蘗期開始施藥,7,,15,,,延伸使用,1070214.0,,IRAC - 3A
230,水稻,秋行軍蟲,依芬寧,10.000(%) (w/w),EC,1.6公升,750,害蟲發生時開始施藥,10-14,,15,,,緊急防治用藥,1090728.0,,IRAC - 3A
231,水稻,秋行軍蟲,依芬寧,20.000(%) (w/w),WP,0.67公升,1500,害蟲發生時開始施藥,10-14,,15,,,緊急防治用藥,1090728.0,,IRAC - 3A
232,水稻,徒長病,依納素,50.000 (%) (w/w),WP,0.125G,2400,播種時噴於已消毒浸種,-,-,-,藥以300公撮之水稀釋液噴施,限育苗箱秧苗使用。,,831029.0,瑞繐股份有限公司,
233,水稻,立枯病,依得利,25.000(%) (w/w),EC,0.25公撮/箱,2000,播種覆土後施藥,-,-,-,,限育苗箱秧苗使用。本病於第一期作育苗箱秧苗較易發生,,,,FRAC - 14
234,水稻,立枯病,依得利,35.000(%) (w/w),WP,0.17G/箱,3000,播種覆土後施藥,-,-,-,,限育苗箱秧苗使用。本病於第一期作育苗箱秧苗較易發生,,,,FRAC - 14
235,水稻,二化螟蟲,依殺松,44.200 (%) (w/w),CS,0.6-0.8公升,1500,害蟲發生時開始施藥,-,-,21,,,,,,
236,水稻,紋枯病,依普氟殺,125 G/L (12.5% W/V),EC,0.67-0.83公升,1200,病害發生初期開始施藥,14,2,21,-,每期稻作限用藥2次。,,1050520.0,台灣巴斯夫股份有限公司,FRAC - 3/7
237,水稻,紋枯病,依普座,75g/L (7.5%w/v),EC,1.0-1.2公升,1000,病害發生初期開始施藥,10,2,10,,,,980303.0,台灣巴斯夫股份有限公司,FRAC - 3
238,水稻,紋枯病,依普座,12.000 (%) (w/w),SC,0.67公升,1500,,14,-,10,,,,850425.0,台灣巴斯夫股份有限公司,FRAC - 3
239,水稻,徒長病,披扶座,20.000 (%) (w/w),WP,浸漬10分鐘,20,,,-,-,稻種與藥液比1:2,限育苗箱秧苗使用。僅限於稻種消毒，不可使用魚任何其他作物。,,861227.0,,FRAC - 3
240,水稻,褐飛蝨,治滅寧,50.000 (%) (w/w),WP,1-1.2公斤,1000,秧田期稻葉展開後,10-14,-,-,,,,,,IRAC - 1A
241,水稻,黑尾葉蟬,治滅寧,50.000 (%) (w/w),WP,1-1.2公斤,1000,秧田期稻葉展開後,10-14,-,-,,,,,,IRAC - 1A
242,水稻,褐飛蝨,治滅蝨,30.000(%) (w/w),EC,1.2-1.5公斤,800,分蘗期,,-,-,,,,,,IRAC - 1A
243,水稻,黑尾葉蟬,治滅蝨,30.000(%) (w/w),EC,1.2-1.5公斤,800,分蘗期,,-,-,,,,,,IRAC - 1A
244,水稻,稻蝨類,治滅蝨,30.000(%) (w/w),EC,1.2-1.5公升,800,分蘗期開始施藥,7,-,-,-,,延伸使用,980826.0,,IRAC - 1A
245,水稻,葉蟬類,治滅蝨,30.000(%) (w/w),EC,1.2-1.5公升,800,分蘗期開始施藥,7,-,-,-,,延伸使用,980826.0,,IRAC - 1A
246,水稻,椿象類,治滅蝨,30.000(%) (w/w),EC,1.2-1.5公升,800,分蘗期開始施藥,7,-,-,-,,延伸使用,980826.0,,IRAC - 1A
247,水稻,薊馬類,治滅蝨,30.000(%) (w/w),EC,1.2-1.5公升,800,分蘗期開始施藥,7,-,-,-,,延伸使用,980826.0,,IRAC - 1A
248,水稻,黑尾葉蟬,治滅蝨,50.000(%) (w/w),WP,0.5-0.6公斤,2000,分蘗期,,-,-,,,,,,IRAC - 1A
249,水稻,褐飛蝨,治滅蝨,50.000(%) (w/w),WP,0.5-0.6公斤,2000,分蘗期,,-,-,,,,,,IRAC - 1A
250,水稻,稻蝨類,治滅蝨,50.000(%) (w/w),WP,0.5-0.6公斤,2000,分蘗期開始施藥,7,-,-,-,,延伸使用,980826.0,,IRAC - 1A
251,水稻,葉蟬類,治滅蝨,50.000(%) (w/w),WP,0.5-0.6公斤,2000,分蘗期開始施藥,7,-,-,-,,延伸使用,980826.0,,IRAC - 1A
252,水稻,椿象類,治滅蝨,50.000(%) (w/w),WP,0.5-0.6公斤,2000,分蘗期開始施藥,7,-,-,-,,延伸使用,980826.0,,IRAC - 1A
253,水稻,薊馬類,治滅蝨,50.000(%) (w/w),WP,0.5-0.6公斤,2000,分蘗期開始施藥,7,-,-,-,,延伸使用,980826.0,,IRAC - 1A
254,水稻,褐飛蝨,矽護芬,19.000 (%) (w/w),EW,0.6公升,2000,田間平均5隻時,-,-,14,,特別注意孕穗期及抽穗初期之防除,,,,IRAC - 3
255,水稻,瘤野螟,矽護芬,19.000 (%) (w/w),EW,0.6公升,2000,成蟲發生盛期後7天,-,-,14,,特別注意孕穗期及抽穗初期之防除,,,,IRAC - 3
256,水稻,黑尾葉蟬,芬化利,20.000(%) (w/w),EC,0.34-0.4公升,3000,分蘗期開始施藥,7,,,,,,,,IRAC - 3A
257,水稻,黑尾葉蟬,芬化利,20.000(%) (w/w),EW,0.34-0.4公升,3000,分蘗期開始施藥,7,,,,,變更安全劑型,911119.0,,IRAC - 3A
258,水稻,黑尾葉蟬,芬化利,10.000(%) (w/w),EC,0.68-0.8公升,1500,分蘗期開始施藥,7,,,,,延伸使用,1070214.0,,IRAC - 3A
259,水稻,黑尾葉蟬,芬化利,5.000(%) (w/w),EC,1.36-1.6公升,750,分蘗期開始施藥,7,,,,,延伸使用,1070214.0,,IRAC - 3A
260,水稻,黑尾葉蟬,芬化利,20.000(%) (w/w),WP,0.34-0.4公斤,3000,分蘗期開始施藥,7,,,,,延伸使用,1070214.0,,IRAC - 3A
261,水稻,夜蛾類,芬殺松,50.000 (%) (w/w),EC,0.8-1.2公升,1000,害蟲發生時開始施藥,,,21,,,,,,IRAC - 1B
262,水稻,夜蛾類,芬殺松,50.000 (%) (w/w),EW,0.8-1.2公升,1000,害蟲發生時開始施藥,,,21,,,變更安全劑型,1030625.0,,IRAC - 1B
263,水稻,螟蛾類,芬殺松,50.000 (%) (w/w),EW,0.8-1.2公升,1000,害蟲發生時開始施藥,,,21,,,變更安全劑型,1030625.0,,IRAC - 1B
264,水稻,鐵甲蟲,芬殺松,50.000 (%) (w/w),EW,0.8-1.2公升,1000,害蟲發生時開始施藥,,,21,,,變更安全劑型,1030625.0,,IRAC - 1B
265,水稻,稻螟蛉,芬殺松,50.000 (%) (w/w),EW,0.8-1.2公升,1000,害蟲發生時開始施藥,-,-,21,-,-,變更安全劑型,1030625.0,,IRAC - 1B
266,水稻,夜蛾類,芬殺松,50.000 (%) (w/w),EW,0.8-1.2公升,1000,害蟲發生時開始施藥,-,-,21,-,-,變更安全劑型,1030625.0,,IRAC - 1B
267,水稻,樹蔭蝶,芬殺松,50.000 (%) (w/w),EW,0.8-1.2公升,1000,害蟲發生時開始施藥,-,-,21,-,-,變更安全劑型,1030625.0,,IRAC - 1B
268,水稻,負泥蟲,芬殺松,50.000 (%) (w/w),EW,0.8-1.2公升,1000,害蟲發生時開始施藥,,,21,,,變更安全劑型,1030625.0,,IRAC - 1B
269,水稻,二化螟蟲,芬殺松,50.000 (%) (w/w),EW,0.8-1.2公升秧田至孕穗,1000,,,,21,,孕穗期至齊穗期每公頃用1.2L,變更安全劑型,1030625.0,,IRAC - 1B
270,水稻,薊馬類,芬殺松,50.000 (%) (w/w),EW,0.8-1.2公升,1000,害蟲發生時開始施藥,,,21,,,變更安全劑型,1030625.0,,IRAC - 1B
271,水稻,一點螟蟲,芬殺松,50.000 (%) (w/w),EW,0.8-1.2公升秧田至孕穗,1000,,,,21,,孕穗期至齊穗期每公頃用1.2L,變更安全劑型,1030625.0,,IRAC - 1B
272,水稻,稻苞蟲,芬殺松,50.000 (%) (w/w),EW,0.8-1.2公升,1000,害蟲發生時開始施藥,,,21,,,變更安全劑型,1030625.0,,IRAC - 1B
273,水稻,稻心蠅,芬殺松,50.000 (%) (w/w),EW,初期1公升,,害蟲發生時開始施藥,,,10,,,變更安全劑型,1030625.0,,IRAC - 1B
274,水稻,瘤野螟,芬殺松,50.000 (%) (w/w),EW,0.8-1.2公升,1000,害蟲發生時開始施藥,,,21,,,變更安全劑型,1030625.0,,IRAC - 1B
275,水稻,螟蛾類,芬殺松,50.000 (%) (w/w),EC,0.8-1.2公升,1000,害蟲發生時開始施藥,,,21,,,,,,IRAC - 1B
276,水稻,負泥蟲,芬殺松,50.000 (%) (w/w),EC,0.8-1.2公升,1000,害蟲發生時開始施藥,,,21,,,,,,IRAC - 1B
277,水稻,瘤野螟,芬殺松,50.000 (%) (w/w),EC,0.8-1.2公升,1000,害蟲發生時開始施藥,,,21,,,,,,IRAC - 1B
278,水稻,二化螟蟲,芬殺松,50.000 (%) (w/w),EC,0.8-1.2公升秧田至孕穗,1000,,,,21,,孕穗期至齊穗期每公頃用1.2L,,,,IRAC - 1B
279,水稻,薊馬類,芬殺松,50.000 (%) (w/w),EC,0.8-1.2公升,1000,害蟲發生時開始施藥,,,21,,,,,,IRAC - 1B
280,水稻,鐵甲蟲,芬殺松,50.000 (%) (w/w),EC,0.8-1.2公升,1000,害蟲發生時開始施藥,,,21,,,,,,IRAC - 1B
281,水稻,稻螟蛉,芬殺松,50.000 (%) (w/w),EC,0.8-1.2公升,1000,害蟲發生時開始施藥,-,-,21,-,-,延伸使用,980826.0,,IRAC - 1B
282,水稻,夜蛾類,芬殺松,50.000 (%) (w/w),EC,0.8-1.2公升,1000,害蟲發生時開始施藥,-,-,21,-,-,延伸使用,980826.0,,IRAC - 1B
283,水稻,樹蔭蝶,芬殺松,50.000 (%) (w/w),EC,0.8-1.2公升,1000,害蟲發生時開始施藥,-,-,21,-,-,延伸使用,980826.0,,IRAC - 1B
284,水稻,一點螟蟲,芬殺松,50.000 (%) (w/w),EC,0.8-1.2公升秧田至孕穗,1000,,,,21,,孕穗期至齊穗期每公頃用1.2L,,,,IRAC - 1B
285,水稻,稻苞蟲,芬殺松,50.000 (%) (w/w),EC,0.8-1.2公升,1000,害蟲發生時開始施藥,,,21,,,,,,IRAC - 1B
286,水稻,稻心蠅,芬殺松,50.000 (%) (w/w),EC,初期1公升,,害蟲發生時開始施藥,,,10,,,,,,IRAC - 1B
287,水稻,二化螟蟲,芬普尼,250 G/L (25% W/V),FS,-,-,-,-,-,-,-,1.將稻種浸種消毒催芽至芽長0.5公釐，以6毫升藥劑加9毫升清水配成溶液，與1公斤種子混拌均勻，靜置陰涼處10-15分鐘，使藥液完全附著於稻種。2.將包覆藥液之稻種均勻撒於育苗盤中，遵照一般育苗作業程序處理，秧苗綠化完全後再移植至本田。,,1011130.0,台灣拜耳股份有限公司,IRAC - 2B
288,水稻,瘤野螟,芬普尼,0.300 (%) (w/w),GR,120公克/箱(60*30*4公分),-,插秧前24小時,-,-,-,將藥劑均勻撒施至育苗箱，以掃把輕掃秧苗使藥劑掉落，並立刻灑水至飽和狀態。,1.限育苗箱使用。,,911001.0,拜耳作物科學股份有限公司,IRAC - 2B
289,水稻,一點螟蟲,芬普尼,0.300 (%) (w/w),GR,20公斤,-,分蘗期及孕穗末期各施藥1次,-,-,-,施藥前先灌水1至3公分再將進水口封住後將粒劑均勻撒佈。,,延伸使用,980826.0,,IRAC - 2B
290,水稻,大螟,芬普尼,0.300 (%) (w/w),GR,20公斤,-,分蘗期及孕穗末期各施藥1次,-,-,-,施藥前先灌水1至3公分再將進水口封住後將粒劑均勻撒佈。,,延伸使用,980826.0,,IRAC - 2B
291,水稻,線蟲白尖病,芬普尼,0.300 (%) (w/w),GR,每育苗箱50g,,,-,-,-,,"插秧前24小時均勻撒佈,之後立即灑水至飽和狀。",,851002.0,法台化學股份有限公司,IRAC - 2B
292,水稻,褐飛蝨,芬普尼,0.300 (%) (w/w),GR,每箱120公克,-,插秧前24小時,-,-,-,-,1.插秧前24小時，將藥液均勻撒至育苗箱，以掃把輕掃秧苗，使藥劑掉落，並立刻灑水至飽和狀。2.限育苗箱使用。,,920603.0,拜耳作物科學股份有限公司,IRAC - 2B
293,水稻,二化螟蟲,芬普尼,0.300 (%) (w/w),GR,20公斤,,"分蘗期,孕穗末期施藥1次",-,1,-,,,,851002.0,法台化學股份有限公司,IRAC - 2B
294,水稻,水象鼻蟲,芬普尼,0.300 (%) (w/w),GR,120公克/箱(60*30*4公分),-,於機械插秧前24小時,-,-,-,將藥劑均勻撒施至育苗箱，輕掃秧苗使藥劑掉落，並立刻灑水至飽和狀。,限育苗箱秧苗使用。,,910501.0,拜耳作物科學股份有限公司,IRAC - 2B
295,水稻,二化螟蟲,芬普尼,0.300 (%) (w/w),GR,每箱120公克,-,插秧前24小時,-,-,-,-,1.插秧前24小時，將藥液均勻撒至育苗箱，以掃把輕掃秧苗，使藥劑掉落，並立刻灑水至飽和狀。2.限育苗箱秧苗使用。,,920603.0,拜耳作物科學股份有限公司,IRAC - 2B
296,水稻,二化螟蟲,芬普尼,250 G/L (25% W/V),FS,每公斤稻種混拌6毫升藥劑與9毫升水。,,,,,,1. 乾稻種直接與藥劑混拌均勻。2. 混拌藥液之稻種，進行風乾，使藥液完全附著於稻種，再行浸種催芽育苗。,1. 適用於水稻種子處理。2. 使用時添加拌種用樹脂(Peridiam® EC 104) 2毫升。,,1070223.0,,IRAC - 2B
297,水稻,線蟲白尖病,芬滅松,40.000(%) (w/w),EC,,1000,"預浸24小時,再浸藥2小時。",,,,,,,850917.0,,IRAC - 1B
298,水稻,線蟲白尖病,芬滅松,10.000(%) (w/w),GR,每育苗箱60g,,秧苗綠化期均勻撒佈施藥1次。,,1,,均勻撒佈,不可施用於本田,,850917.0,,IRAC - 1B
299,水稻,穗稻熱病,芬諾尼,20.000 (%) (w/w),SC,0.8公升,1500,-,-,-,21,-,抽穗前7天及齊穗期各施藥一次,,980831.0,日佳農葯股份有限公司,FRAC - 16.2
300,水稻,葉稻熱病,芬諾尼,20.000 (%) (w/w),SC,0.67公升,1500,病害發生初期開始施藥,10,,21,-,,,980831.0,日佳農葯股份有限公司,FRAC - 16.2
301,水稻,穗稻熱病,保米熱斯,54.000 (%) (w/w),WP,0.8公斤,1500,,-,-,12,,,,800226.0,立農化學股份有限公司,FRAC - 23/16.1
302,水稻,葉稻熱病,保米熱斯,54.000 (%) (w/w),WP,0.67公斤,1500,,-,-,12,,,,800226.0,立農化學股份有限公司,FRAC - 23/16.1
303,水稻,稻熱病,保米熱斯,54.000 (%) (w/w),WP,葉0.66穗0.8K,1500,抽穗前齊穗施藥,7-10,-,7,葉稻熱病在發病初期施一次，穗稻熱病在抽穗前7天及齊穗期各施一次,,,830927.0,興農股份有限公司,FRAC - 23/16.1
304,水稻,穗稻熱病,保米熱斯,56.000 (%) (w/w),WP,0.8公斤,1500,抽穗前齊穗施藥,-,-,25,,,,,,FRAC - 23/16.1
305,水稻,葉稻熱病,保米熱斯,56.000 (%) (w/w),WP,0.67公斤,1500,插秧後施藥,-,-,25,,,,,,FRAC - 23/16.1
306,水稻,穗稻熱病,保米賜圃,21.400 (%) (w/w),EC,1.2公升,1000,,-,-,25,,,,,,FRAC - 6/23
307,水稻,葉稻熱病,保米賜圃,21.400 (%) (w/w),EC,1公升,1000,,-,-,25,,,,,,FRAC - 6/23
308,水稻,穗稻熱病,保米黴素,2.400(%) (w/w),EC,1.2公升,1000,抽穗前7-10天施藥,-,-,-,,,,,,FRAC - 23
309,水稻,葉稻熱病,保米黴素,2.400(%) (w/w),EC,1公升,1000,,-,-,-,,,,,,FRAC - 23
310,水稻,穗稻熱病,保米黴素,2.000(%) (w/w),SL,1.2公升,1000,,-,-,-,,,,,,FRAC - 23
311,水稻,葉稻熱病,保米黴素,2.000(%) (w/w),SL,1公升,1000,,-,-,-,,,,,,FRAC - 23
312,水稻,穗稻熱病,保米黴素,8.000(%) (w/w),TB,240TAB,5,,-,-,-,,,,,,FRAC - 23
313,水稻,葉稻熱病,保米黴素,8.000(%) (w/w),TB,200TAB,5,,-,-,-,,,,,,FRAC - 23
314,水稻,葉稻熱病,保米黴素,4.000(%) (w/w),WP,1公升,1000,,-,-,-,,,,,,FRAC - 23
315,水稻,穗稻熱病,保米黴素,4.000(%) (w/w),WP,1.2公斤,1000,,-,-,-,,,,,,FRAC - 23
316,水稻,紋枯病,保粒黴素,3.000(%) (w/w),SL,1-1.5公升,1000,插秧後施藥,5,4,-,,,,,,FRAC - 19
317,水稻,紋枯病,保粒黴素,3.000(%) (w/w),WP,1.6-2.5公升,600,插秧後施藥,10,2,-,,,,,,FRAC - 19
318,水稻,紋枯病,保粒黴素 丁,2.200 (%) (w/w),WP,1.25公斤,800,,14,3,-,,,,,,FRAC - 19
319,水稻,紋枯病,保粒黴素 丁,2.250 (%) (w/w),WP,1.25公斤,800,,14,3,-,,,,,,FRAC - 19
320,水稻,瘤野螟,剋安勃,18.400(%) (w/w),SC,,5倍,,,,,浸藥時間10-15分鐘,1.使用於水稻瘤野螟(種子處理)。2.將3毫升成品農藥加水稀釋至15毫升溶液，混入1公斤催芽後之稻種充分混拌，使藥液均勻吸附於種子表面，靜置陰涼處10-15分鐘，使藥液完全附著於稻種。,,1030411.0,台灣杜邦股份有限公司,IRAC - 28
321,水稻,二化螟蟲,剋安勃,35.000 (%) (w/w),WG,0.25公克/每育苗箱,2000,插秧前24小時,,,,插秧前24小時，將藥劑稀釋液均勻噴灑至育苗箱，每育苗箱稀釋水量500毫升。,限育苗箱使用。,,1000317.0,台灣富美實有限公司,IRAC - 28
322,水稻,瘤野螟,剋安勃,35.000 (%) (w/w),WG,0.25公克/每育苗箱,2000,插秧前24小時,,,,插秧前24小時，將藥劑稀釋液均勻噴灑至育苗箱，每育苗箱稀釋水量500毫升。,限育苗箱使用。,,1000317.0,台灣富美實有限公司,IRAC - 28
323,水稻,二化螟蟲,剋安勃,18.400 (%) (w/w),SC,0.5毫升/每育苗箱,1000,插秧前24小時,-,-,-,插秧前24小時，將藥劑稀釋液均勻噴灑至育苗箱，每育苗箱稀釋水量500毫升。,限育苗箱使用。,延伸使用,1070214.0,,IRAC - 28
324,水稻,秋行軍蟲,剋安勃,18.400(%) (w/w),SC,0.5毫升/每育苗箱,1000,插秧前24小時,-,-,-,插秧前24小時，將藥劑稀釋液均勻噴灑至育苗箱，每育苗箱稀釋水量500毫升。,限育苗箱使用。,緊急防治用藥,1090728.0,,IRAC - 28
325,水稻,紋枯病,待克利,24.900(%) (w/w),EC,0.33公升,3000,病害發生初期開始施藥。,14,3,7,,,,830317.0,台灣汽巴嘉基股份有限公司,FRAC - 3
326,水稻,紋枯病,待克利,250 G/L (25% W/V),EC,0.33公升,3000,病害發生初期開始施藥。,14,3,7,,,,830317.0,台灣汽巴嘉基股份有限公司,FRAC - 3
327,水稻,紋枯病,待克利,24.900(%) (w/w),SC,0.33公升,3000,病害發生初期開始施藥。,14,3,7,,,變更安全劑型,980831.0,,FRAC - 3
328,水稻,紋枯病,待克利,10.000(%) (w/w),WG,0.8公斤,1200,病害發生初期開始施藥。,14,3,7,,,延伸使用,1070214.0,,FRAC - 3
329,水稻,紋枯病,待普克利,500 G/L (50% W/V),EC,0.333公升,3000,病害發生初期開始施藥。,14,連續2次,21,,,,1090504.0,台灣先正達股份有限公司,FRAC - 3/3
330,水稻,一點螟蟲,拜裕松,5.000(%) (w/w),GR,40公斤,-,孕穗期至齊穗期,-,-,21,-,-,延伸使用,980826.0,,IRAC - 1B
331,水稻,大螟,拜裕松,5.000(%) (w/w),GR,40公斤,-,孕穗期至齊穗期,-,-,21,-,-,延伸使用,980826.0,,IRAC - 1B
332,水稻,二化螟蟲,拜裕松,5.000(%) (w/w),GR,40公斤(孕穗至齊穗期),,孕穗期至齊穗期,-,-,21,,,,,,IRAC - 1B
333,水稻,稻熱病,枯草桿菌KHY8,1x10^9 CFU/G,WP,3公斤,400,於稻作插秧後15天、30天、40天、孕穗期及齊穗期，各施用1次。,,共5次,,,,,1090504.0,嘉農企業股份有限公司,FRAC - BM02
334,水稻,徒長病,枯草桿菌WG6-14,1×10^10 CFU/ML,AL,每箱用藥量2.5公撮,200,,7,3,,防治水稻秧苗徒長病：1.稻種催芽後，以30倍稀釋液浸泡8小時。2.秧苗綠化期，以200倍稀釋液均勻噴灑於育苗箱，每隔7天施藥1次，連續3次。,標示加註不可與銅劑、抗生素與殺菌劑混合使用。,,980303.0,沅渼生物科技股份有限公司,FRAC - BM02
335,水稻,紋枯病,枯草桿菌Y1336,1×10^8 CFU/ML 以上,AL,5公升,400,分蘗盛期及抽穗期各施藥1次。,-,2,-,-,藥液應均勻噴施於全株，特別是近地際部分及葉鞘。,,1050520.0,百泰生物科技股份有限公司,FRAC - BM02
336,水稻,褐飛蝨,氟尼胺,10.000 (%) (w/w),WG,0.6公斤,2000,-,-,-,28,-,1.田間褐飛蝨密度每叢平均達5隻左右時施藥一次，其後如密度升高至每叢20隻以上時，行第二次施藥。,,1000915.0,台灣石原產業股份有限公司,IRAC - 29
337,水稻,褐飛蝨,派滅淨,25.000(%) (w/w),WP,0.8公斤,1500,害蟲發生時施藥1次,,1,10,,孕穗期及抽穗初期特別注意,,850430.0,台灣汽巴嘉基股份有限公司,IRAC - 9B
338,水稻,福壽螺,耐克螺,70.000(%) (w/w),WP,0.4公斤,,插秧前1-3天或插秧時施藥,-,-,-,,1.限水田使用，施藥後一週內不得放水。2.密度高或二期作宜插秧前1-3天施藥。,,820313.0,台灣拜耳股份有限公司,
339,水稻,褐飛蝨,益丁滅蝨,50.000 (%) (w/w),EC,1.2公升,1000,分蘗期,7-10,-,15,,"水稻生長期如發現每叢水稻平均密度在五隻以上,即行施藥",,,,IRAC - 1A/1B
340,水稻,負泥蟲,益保扶,4.000(%) (w/w),GR,40公斤,,分蘗盛期前,-,-,-,,,,,,IRAC - 1A/1B
341,水稻,稻心蠅,益保扶,4.000(%) (w/w),GR,40公斤,,生長初期,-,-,-,,,,,,IRAC - 1A/1B
342,水稻,褐飛蝨,益保扶,20.000(%) (w/w),WPSB,2.5-3.0公斤,400,害蟲發生時開始施藥,-,-,20,-,-,變更安全劑型,,,IRAC - 1A/1B
343,水稻,稻心蠅,益保扶,20.000(%) (w/w),WPSB,初期：2公斤，後期：2.5公斤,400,害蟲發生時開始施藥,-,-,20,-,,變更安全劑型,,,IRAC - 1A/1B
344,水稻,薊馬類,益滅松,50.000(%) (w/w),WP,1.2公斤,1000,孕穗期至齊穗期,-,-,21,,,,,,IRAC - 1B
345,水稻,瘤野螟,益滅松,50.000(%) (w/w),WP,1.2公斤,1000,孕穗期至齊穗期,-,-,21,,,,,,IRAC - 1B
346,水稻,稻螟蛉,益滅松,50.000 (%) (w/w),WP,1.2公斤,1000,孕穗期至齊穗期,-,-,21,-,-,延伸使用,980826.0,,IRAC - 1B
347,水稻,夜蛾類,益滅松,50.000 (%) (w/w),WP,1.2公斤,1000,孕穗期至齊穗期,-,-,21,-,-,延伸使用,980826.0,,IRAC - 1B
348,水稻,樹蔭蝶,益滅松,50.000 (%) (w/w),WP,1.2公斤,1000,孕穗期至齊穗期,-,-,21,-,-,延伸使用,980826.0,,IRAC - 1B
349,水稻,夜蛾類,益滅松,50.000(%) (w/w),WP,1.2公斤,1000,孕穗期至齊穗期,-,-,21,,,,,,IRAC - 1B
350,水稻,二化螟蟲,益滅松,50.000(%) (w/w),WP,0.8-1.2公斤秧田期至孕穗期,1000,,-,-,21,,孕穗期至齊穗期用1.2KG,,,,IRAC - 1B
351,水稻,螟蛾類,益滅松,50.000(%) (w/w),WP,1.2公斤,1000,孕穗期至齊穗期,-,-,21,,,,,,IRAC - 1B
352,水稻,鐵甲蟲,益滅松,50.000(%) (w/w),WP,1.2公斤,1000,孕穗期至齊穗期,-,-,21,,,,,,IRAC - 1B
353,水稻,一點螟蟲,益滅松,50.000(%) (w/w),WP,0.8-1.2公斤秧田期至孕穗期,1000,,-,-,21,,孕穗期至齊穗期用1.2KG,,,,IRAC - 1B
354,水稻,負泥蟲,益滅松,50.000(%) (w/w),WP,0.8-1公斤,1000,分蘗期幼蟲發生時,-,-,21,,"1.若施藥後田間密度尚高,隔15天再施藥1次;2.施用粒劑或粉劑時稻田需保持水位高度3-5公分,7-10天,若水位降低時必須灌溉補充",,,,IRAC - 1B
355,水稻,稻苞蟲,益滅松,50.000(%) (w/w),WP,1.2公斤,1000,孕穗期至齊穗期,-,-,21,,,,,,IRAC - 1B
356,水稻,負泥蟲,益滅蝨,50.000 (%) (w/w),WP,0.66公斤,1000,"水稻分蘗期中,負泥蟲幼蟲發生時期開始噴藥,若施藥後田間密度尚高,隔15天再施一次",-,-,-,,限於插秧後70天內使用,,,,IRAC - 1A/1B
357,水稻,瘤野螟,益滅賽寧,40.000 (%) (w/w),WP,初0.48公斤,2500,孕穗抽穗初,-,-,15,,成蟲發生盛期後7天或幼蟲捲葉率在2%(或每叢幼蟲1隻)以上開始施藥,,,,IRAC - 1B/3A
358,水稻,褐飛蝨,益達胺,9.600(%) (w/w),SC,0.4公升,3000,"5隻/叢,施1次",-,-,10,,其後20隻/叢，施第二次，特別注意孕穗期至抽穗初期之防除,變更安全劑型,980309.0,,IRAC - 4A
359,水稻,斑飛蝨,益達胺,9.600(%) (w/w),SC,0.75公升,1600,抽穗後,-,-,10,,,變更安全劑型,980309.0,,IRAC - 4A
360,水稻,褐飛蝨,益達胺,9.600(%) (w/w),SL,0.4公升,3000,"5隻/叢,施1次",-,-,10,,"其後20隻/叢,施第二次,特別注意孕穗期至抽穗初期之防除",,841011.0,台灣拜耳股份有限公司,IRAC - 4A
361,水稻,斑飛蝨,益達胺,9.600(%) (w/w),SL,0.75公升,1600,抽穗後,-,-,10,,,,850326.0,台灣拜耳股份有限公司,IRAC - 4A
362,水稻,水象鼻蟲,益達胺,2.000(%) (w/w),GR,50克/育苗箱(60x30x4公分),,機械插秧前24小時,-,-,-,,"限育苗箱秧苗使用。藥灑於育苗箱後要灑水,本田應注意灌水,勿讓土面曝露以免發生藥害",,840522.0,台灣拜耳股份有限公司,IRAC - 4A
363,水稻,褐飛蝨,益達胺,18.200(%) (w/w),SC,0.2公升,6000,"5隻/叢,施1次",-,-,10,,"其後20隻/叢,施第二次,特別注意孕穗期至抽穗初期之防除",延伸使用,1080830.0,,IRAC - 4A
364,水稻,褐飛蝨,益達胺,28.800(%) (w/w),SL,0.13公升,9000,"5隻/叢,施1次",-,-,10,,"其後20隻/叢,施第二次,特別注意孕穗期至抽穗初期之防除",延伸使用,1080830.0,,IRAC - 4A
365,水稻,斑飛蝨,益達胺,18.200(%) (w/w),SC,0.4公升,3000,抽穗後,-,-,10,,,延伸使用,1080830.0,,IRAC - 4A
366,水稻,斑飛蝨,益達胺,28.800(%) (w/w),SL,0.25公升,4800,抽穗後,-,-,10,,,延伸使用,1080830.0,,IRAC - 4A
367,水稻,負泥蟲,納乃得,25.000(%) (w/w),SP,1.8-2.16公斤,500,分蘗期中，幼蟲發生時,15,,,,,,1060112.0,,IRAC - 1A
368,水稻,黑尾葉蟬,納乃得,25.000(%) (w/w),SP,2.16-2.52公斤,500,害蟲發生時開始施藥,-,,,,,,1060112.0,,IRAC - 1A
369,水稻,褐飛蝨,納乃得,25.000(%) (w/w),SP,2.16-2.52公斤,500,害蟲發生時開始施藥,-,,,,,,1060112.0,,IRAC - 1A
370,水稻,負泥蟲,納乃得,40.000(%) (w/w),SP,1.13-1.35公斤,800,水稻分蘗期中，負泥蟲幼蟲發生時開始噴藥，若施藥後，田間密度尚高，隔15天再施藥1次。,15,,,,,,1060112.0,,IRAC - 1A
371,水稻,負泥蟲,納乃得,40.000 (%) (w/w),SG,1.13-1.35公斤,800,"水稻分蘗期中,負泥蟲幼蟲發生時期開始噴藥,若施藥後田間密度尚高,隔15天再施一次",15,,,,,,1060112.0,,IRAC - 1A
372,水稻,黑尾葉蟬,納乃得,40.000 (%) (w/w),SG,1.35-1.58公斤,800,害蟲發生時開始施藥,-,,,,,,1060112.0,,IRAC - 1A
373,水稻,褐飛蝨,納乃得,40.000 (%) (w/w),SG,1.35-1.58公斤,800,害蟲發生時開始施藥,-,,,,,,1060112.0,,IRAC - 1A
374,水稻,黑尾葉蟬,納乃得,40.000(%) (w/w),SP,1.35-1.58公斤,800,害蟲發生時開始施藥,,,,,,,1060112.0,,IRAC - 1A
375,水稻,褐飛蝨,納乃得,40.000(%) (w/w),SP,1.35-1.58公斤,800,害蟲發生時開始施藥,,,,,,,1060112.0,,IRAC - 1A
376,水稻,負泥蟲,納乃得,40.000 (%) (w/w),SPSB,1.13-1.35公斤,800,水稻分蘗期中，負泥蟲幼蟲發生時開漿噴藥，若施藥後，田間密度尚高，隔15天再施藥1次。,15,,,,,,1060112.0,,IRAC - 1A
377,水稻,黑尾葉蟬,納乃得,40.000 (%) (w/w),SPSB,1.35-1.58公斤,800,害蟲發生時開始施藥,,,,,,,1060112.0,,IRAC - 1A
378,水稻,褐飛蝨,納乃得,40.000 (%) (w/w),SPSB,1.35-1.58公斤,800,害蟲發生時開始施藥,,,,,,,1060112.0,,IRAC - 1A
379,水稻,蝗蟲類,馬拉松,91.000 (%) (w/w),UL,1公升,,害蟲發生時開始施藥,7,-,-,,空中施藥,,,,IRAC - 1B
380,水稻,黑尾葉蟬,馬拉松,91.000 (%) (w/w),UL,0.75公升,,插秧前後開始施藥,7,-,-,,水稻毒素病媒介昆蟲(空中施藥)；秧田前期及秧期各施1次，插秧後7天各施1次；施藥前應清除田邊雜草，稻蒿及病株以防除潛伏之媒介昆蟲,,,,IRAC - 1B
381,水稻,螯蝦,培丹,4.000(%) (w/w),GR,30公斤,,生育初期,-,-,-,,,,,,IRAC - 14
382,水稻,一點螟蟲,培丹,4.000(%) (w/w),GR,30公斤,-,害蟲發生時開始施藥,-,-,21,-,-,延伸使用,980826.0,,IRAC - 14
383,水稻,大螟,培丹,4.000(%) (w/w),GR,30公斤,-,害蟲發生時開始施藥,-,-,21,-,-,延伸使用,980826.0,,IRAC - 14
384,水稻,二化螟蟲,培丹,4.000(%) (w/w),GR,30公斤,,害蟲發生時開始施藥,-,-,21,,,,,,IRAC - 14
385,水稻,一點螟蟲,培丹,6.000(%) (w/w),GR,30公斤,-,害蟲發生時開始施藥,-,-,21,-,-,延伸使用,980826.0,,IRAC - 14
386,水稻,大螟,培丹,6.000(%) (w/w),GR,30公斤,-,害蟲發生時開始施藥,-,-,21,-,-,延伸使用,980826.0,,IRAC - 14
387,水稻,稻螟蛉,培丹,6.000(%) (w/w),GR,20公斤,-,孕穗期及抽穗初期,-,-,7,施藥時田間內保持水深1至2公分，維持4至5天。,,延伸使用,980826.0,,IRAC - 14
388,水稻,夜蛾類,培丹,6.000(%) (w/w),GR,20公斤,-,孕穗期及抽穗初期,-,-,7,施藥時田間內保持水深1至2公分，維持4至5天。,,延伸使用,980826.0,,IRAC - 14
389,水稻,樹蔭蝶,培丹,6.000(%) (w/w),GR,20公斤,-,孕穗期及抽穗初期,-,-,7,施藥時田間內保持水深1至2公分，維持4至5天。,,延伸使用,980826.0,,IRAC - 14
390,水稻,稻苞蟲,培丹,6.000(%) (w/w),GR,20公斤,-,水稻分蘗初期，出現被害狀時施藥1次,-,1,7,施藥時田間內保持水深1至2公分，維持4至5天。,,延伸使用,980826.0,,IRAC - 14
391,水稻,稻心蠅,培丹,6.000(%) (w/w),GR,20公斤,-,水稻於生育初期，出現被害狀時施藥1次,-,1,7,施藥時田間內保持水深1至2公分，維持4至5天。,,延伸使用,980826.0,,IRAC - 14
392,水稻,稻象鼻蟲,培丹,6.000(%) (w/w),GR,30公斤,-,害蟲發生時施藥1次,-,1,21,施藥時稻田需保持水位約1公分。,1.水稻生育初期，當水稻蟲害發生時施藥。,延伸使用,980826.0,,IRAC - 14
393,水稻,鐵甲蟲,培丹,6.000(%) (w/w),GR,30公斤,-,害蟲發生時施藥1次,-,1,21,施藥時稻田需保持水位約1公分。,1.水稻生育初期，當水稻蟲害發生時施藥。,延伸使用,980826.0,,IRAC - 14
394,水稻,負泥蟲,培丹,6.000(%) (w/w),GR,30公斤,-,害蟲發生時施藥1次,-,1,21,施藥時稻田需保持水位約1公分。,1.水稻生育初期，當水稻害蟲發生時施藥。,延伸使用,980826.0,,IRAC - 14
395,水稻,二化螟蟲,培丹,6.000(%) (w/w),GR,30公斤,,,-,-,21,,收割前21天停止用藥,,800213.0,立農化學股份有限公司,IRAC - 14
396,水稻,瘤野螟,培丹,6.000(%) (w/w),GR,初期20公斤,,孕穗抽穗初,-,-,7,,孕穗期平均每平方公尺發現有一隻成蟲即應施藥,,,,IRAC - 14
397,水稻,水象鼻蟲,培丹,6.000(%) (w/w),GR,30公斤,,生育初期，成蟲每叢平均0.5隻以上,,-,21,,施藥時水位保持1公分,,840626.0,立農化學股份有限公司,IRAC - 14
398,水稻,水象鼻蟲,培丹,9.000(%) (w/w),GR,20公斤,,成蟲平均0.5隻以上,-,-,21,,1.施藥時稻田需保持水位1CM。2.水稻生育初期使用,,930429.0,大勝化學工業股份有限公司,IRAC - 14
399,水稻,二化螟蟲,培丹,9.000(%) (w/w),GR,25公斤,-,分蘗期及孕穗末期各施藥ㄧ次,-,-,21,-,1.施藥前先灌水3-5公分，再將進水口封住後，將粒劑均勻撒布。,,920603.0,大勝化學工業股份有限公司,IRAC - 14
400,水稻,二化螟蟲,培丹,50.000(%) (w/w),SP,0.8-1公斤(秧田至孕穗,1000,,-,-,35,,孕穗期至齊穗期用1-1.2KG,,,,IRAC - 14
401,水稻,瘤野螟,培丹,50.000(%) (w/w),SP,初0.8公斤;後期1公斤,1200,幼蟲危害初期,-,-,35,,,,,,IRAC - 14
402,水稻,一點螟蟲,培丹,9.000(%) (w/w),GR,20公斤,-,害蟲發生時開始施藥,-,-,21,-,-,延伸使用,1070214.0,,IRAC - 14
403,水稻,瘤野螟,培丹,4.000(%) (w/w),GR,初期30公斤,,孕穗抽穗初,-,-,7,,孕穗期平均每平方公尺發現有一隻成蟲即應施藥,延伸使用,1070214.0,,IRAC - 14
404,水稻,瘤野螟,培丹,9.000(%) (w/w),GR,初期13.33公斤,,孕穗抽穗初,-,-,7,,孕穗期平均每平方公尺發現有一隻成蟲即應施藥,延伸使用,1070214.0,,IRAC - 14
405,水稻,夜蛾類,培丹,4.000(%) (w/w),GR,30公斤,-,孕穗期及抽穗初期,-,-,7,施藥時田間內保持水深1至2公分，維持4至5天。,,延伸使用,1070214.0,,IRAC - 14
406,水稻,夜蛾類,培丹,9.000(%) (w/w),GR,13.33公斤,-,孕穗期及抽穗初期,-,-,7,施藥時田間內保持水深1至2公分，維持4至5天。,,延伸使用,1070214.0,,IRAC - 14
407,水稻,大螟,培丹,9.000(%) (w/w),GR,20公斤,-,害蟲發生時開始施藥,-,-,21,-,-,延伸使用,1070214.0,,IRAC - 14
408,水稻,稻螟蛉,培丹,4.000(%) (w/w),GR,30公斤,-,孕穗期及抽穗初期,-,-,7,施藥時田間內保持水深1至2公分，維持4至5天。,,延伸使用,1070214.0,,IRAC - 14
409,水稻,稻螟蛉,培丹,9.000(%) (w/w),GR,13.33公斤,-,孕穗期及抽穗初期,-,-,7,施藥時田間內保持水深1至2公分，維持4至5天。,,延伸使用,1070214.0,,IRAC - 14
410,水稻,樹蔭蝶,培丹,4.000(%) (w/w),GR,30公斤,-,孕穗期及抽穗初期,-,-,7,施藥時田間內保持水深1至2公分，維持4至5天。,,延伸使用,1070214.0,,IRAC - 14
411,水稻,樹蔭蝶,培丹,9.000(%) (w/w),GR,13.33公斤,-,孕穗期及抽穗初期,-,-,7,施藥時田間內保持水深1至2公分，維持4至5天。,,延伸使用,1070214.0,,IRAC - 14
412,水稻,稻苞蟲,培丹,4.000(%) (w/w),GR,30公斤,-,水稻分蘗初期，出現被害狀時施藥1次,-,1,7,施藥時田間內保持水深1至2公分，維持4至5天。,,延伸使用,1070214.0,,IRAC - 14
413,水稻,稻苞蟲,培丹,9.000(%) (w/w),GR,13.33公斤,-,水稻分蘗初期，出現被害狀時施藥1次,-,1,7,施藥時田間內保持水深1至2公分，維持4至5天。,,延伸使用,1070214.0,,IRAC - 14
414,水稻,稻象鼻蟲,培丹,4.000(%) (w/w),GR,45公斤,-,害蟲發生時施藥1次,-,1,21,施藥時稻田需保持水位約1公分。,1.水稻生育初期，當水稻蟲害發生時施藥。,延伸使用,1070214.0,,IRAC - 14
415,水稻,稻象鼻蟲,培丹,9.000(%) (w/w),GR,20公斤,-,害蟲發生時施藥1次,-,1,21,施藥時稻田需保持水位約1公分。,1.水稻生育初期，當水稻蟲害發生時施藥。,延伸使用,1070214.0,,IRAC - 14
416,水稻,水象鼻蟲,培丹,4.000(%) (w/w),GR,45公斤,-,生育初期，成蟲每叢平均0.5隻以上,,-,21,,施藥時水位保持1公分,延伸使用,1070214.0,,IRAC - 14
417,水稻,負泥蟲,培丹,4.000(%) (w/w),GR,45公斤,-,害蟲發生時施藥1次,-,1,21,施藥時稻田需保持水位約1公分。,1.水稻生育初期，當水稻害蟲發生時施藥。,延伸使用,1070214.0,,IRAC - 14
418,水稻,負泥蟲,培丹,9.000(%) (w/w),GR,20公斤,-,害蟲發生時施藥1次,-,1,21,施藥時稻田需保持水位約1公分。,1.水稻生育初期，當水稻害蟲發生時施藥。,延伸使用,1070214.0,,IRAC - 14
419,水稻,鐵甲蟲,培丹,4.000(%) (w/w),GR,45公斤,-,害蟲發生時施藥1次,-,1,21,施藥時稻田需保持水位約1公分。,1.水稻生育初期，當水稻蟲害發生時施藥。,延伸使用,1070214.0,,IRAC - 14
420,水稻,鐵甲蟲,培丹,9.000(%) (w/w),GR,20公斤,-,害蟲發生時施藥1次,-,1,21,施藥時稻田需保持水位約1公分。,1.水稻生育初期，當水稻蟲害發生時施藥。,延伸使用,1070214.0,,IRAC - 14
421,水稻,稻心蠅,培丹,4.000(%) (w/w),GR,30公斤,-,水稻於生育初期，出現被害狀時施藥1次,-,1,7,施藥時田間內保持水深1至2公分，維持4至5天。,,延伸使用,1070214.0,,IRAC - 14
422,水稻,稻心蠅,培丹,9.000(%) (w/w),GR,13.33公斤,-,水稻於生育初期，出現被害狀時施藥1次,-,1,7,施藥時田間內保持水深1至2公分，維持4至5天。,,延伸使用,1070214.0,,IRAC - 14
423,水稻,螯蝦,培丹,6.000(%) (w/w),GR,20公斤,,生育初期,-,-,-,,,延伸使用,1070214.0,,IRAC - 14
424,水稻,螯蝦,培丹,9.000(%) (w/w),GR,13.33公斤,,生育初期,-,-,-,,,延伸使用,1070214.0,,IRAC - 14
425,水稻,稻細蟎,培丹,4.000(%) (w/w),GR,30公斤,,二期作水稻分蘗盛期至孕穗期開始施藥1次。,,,21,,,緊急防治用藥,1070510.0,,IRAC - 14
426,水稻,稻細蟎,培丹,6.000(%) (w/w),GR,20公斤,,二期作水稻分蘗盛期至孕穗期開始施藥1次。,,,21,,,緊急防治用藥,1070510.0,,IRAC - 14
427,水稻,稻細蟎,培丹,9.000(%) (w/w),GR,13.33公斤,,二期作水稻分蘗盛期至孕穗期開始施藥1次。,,,21,,,緊急防治用藥,1070510.0,,IRAC - 14
428,水稻,消毒,得克利,25.900(%) (w/w),EW,,2000,,,,,稻種直接消毒24小時後，再浸水催芽。,,,990527.0,,FRAC - 3
429,水稻,消毒,得克利,250 G/L (25% W/V),EW,,2000,,,,,稻種直接消毒24小時後，再浸水催芽。,,,990527.0,,FRAC - 3
430,水稻,生長調節,得拉生長素,1.000(%) (w/w),SP,0.3G/箱,1300,播種前,-,-,-,,限育苗箱秧苗使用。,,,,
431,水稻,斜紋夜蛾,斜紋夜蛾費洛蒙,5.500 (%) (w/w),VP,,,,,,,1. 每公頃設置7組中改式昆蟲性費洛蒙誘蟲器，各誘蟲器設置間距約45公尺。2. 種植前1個月開始施掛誘蟲器，設置高度離地面約0.8-1.5公尺，或作物頂端上方約50公分處。3. 將膏劑蓋子轉開，管口輕觸於誘蟲器上蓋之黑色固定棒上的任一小孔，輕輕擠壓出膏劑直到注滿該小孔（可由該黑色固定棒小孔的另一面觀察）。依相同之施藥方法，總共填滿3個連續小孔（即0.1公克膏劑），但須避免過量溢出。4. 施用後藥效可持續2個月。,,延伸使用,1070907.0,,
432,水稻,立枯病,殺紋滅達樂,34.000 (%) (w/w),SL,0.4公撮,1250,播種後施藥,,-,-,,限育苗箱秧苗使用。播種後灌注藥液再行覆土,,810711.0,日商三共股份有限公司台北分公司,FRAC - 32/4
433,水稻,紋枯病,殺紋寧,30.000 (%) (w/w),SL,2.4公升,500,插秧後施藥,14,2,-,第一次施藥應噴射於稻株葉鞘部，第二次施藥應噴射於全株,,,,,FRAC - 32
434,水稻,立枯病,殺紋寧,30.000 (%) (w/w),SL,0.5公撮,1000,,-,-,-,,限育苗箱秧苗使用。,,,,FRAC - 32
435,水稻,生長調節,移植生長素,0.020(%) (w/w),DP,,2000,"稻種消毒,浸種,催芽後",-,-,-,,"限育苗箱秧苗使用。稻種浸漬2小時後再播種於育苗箱內,本藥適宜於第一期作粳稻用",,830610.0,台灣石原產業股份有限公司,
436,水稻,稻螟蛉,第滅寧,1.000(%) (w/w),EC,1.3-1.6公升,750,-,-,-,15,-,特別注意孕穗及抽穗初期之防除。,延伸使用,980826.0,,IRAC - 3A
437,水稻,夜蛾類,第滅寧,1.000(%) (w/w),EC,1.3-1.6公升,750,-,-,-,15,-,特別注意孕穗及抽穗初期之防除。,延伸使用,980826.0,,IRAC - 3A
438,水稻,樹蔭蝶,第滅寧,1.000(%) (w/w),EC,1.3-1.6公升,750,-,-,-,15,-,特別注意孕穗及抽穗初期之防除。,延伸使用,980826.0,,IRAC - 3A
439,水稻,瘤野螟,第滅寧,1.000(%) (w/w),EC,1.3-1.6公升,750,孕穗抽穗初,,,15,,"成蟲發生盛期後七天或每叢葉數在二片以上,開始施藥;特別注意孕穗及抽穗初期之防除",,,,IRAC - 3A
440,水稻,褐飛蝨,速殺氟,50.000(%) (w/w),WG,0.15公斤,8000,害蟲發生時開始施藥,7,最多2次,21,,避免於開花期使用。,,1070912.0,台灣道禮股份有限公司,IRAC - 4C
441,水稻,稻蝨類,速殺氟,50.000(%) (w/w),WG,0.15公斤,8000,害蟲發生時開始施藥,7,最多2次,21,,避免於開花期使用。,延伸使用,1070912.0,,IRAC - 4C
442,水稻,椿象類,速殺氟,50.000(%) (w/w),WG,0.15公斤,8000,害蟲發生時開始施藥,7,最多2次,21,,避免於開花期使用。,延伸使用,1070912.0,,IRAC - 4C
443,水稻,薊馬類,速殺氟,50.000(%) (w/w),WG,0.15公斤,8000,害蟲發生時開始施藥,7,最多2次,21,,避免於開花期使用。,延伸使用,1070912.0,,IRAC - 4C
444,水稻,褐飛蝨,酚丁滅蝨,33.000 (%) (w/w),EC,1.5公升,800,分蘗期開始施藥,7,-,20,,,,,,IRAC - 1A
445,水稻,葉稻熱病,喜樂克拉,45.000(%) (w/w),EC,0.83公升,1200,插秧後35-50天施1次,-,-,14,,1.本藥加展著劑TritonCS-72000倍2.於抽穗前7天及齊穗期各施一次,,790215.0,台灣日產化工股份有限公司,FRAC - 6/3
446,水稻,穗稻熱病,喜樂克拉,45.000(%) (w/w),EC,1公升,1200,,-,-,14,,1.本藥加展著劑TritonCS-72000倍2.於抽穗前7天及齊穗期各施一次,,790227.0,臺灣庵原農藥股份有限公司,FRAC - 6/3
447,水稻,穗稻熱病,富米熱斯,50.000 (%) (w/w),WP,1.2公斤,1000,抽穗前7天及齊穗期施藥,-,-,7,,,,840426.0,立農化學股份有限公司,FRAC - 29/16.1
448,水稻,葉稻熱病,富米熱斯,50.000 (%) (w/w),WP,1公斤,1000,病害發生初期開始施藥,7-10,-,7,,,,840426.0,立農化學股份有限公司,FRAC - 29/16.1
449,水稻,葉稻熱病,普克三賽唑,525 G/L (52.5% W/V),SE,0.33公升,3000,稻熱病發生初期開始施藥。,7,共2次,25,,,,1090504.0,台灣先正達股份有限公司,FRAC - 16.1/3
450,水稻,胡麻葉枯病,普克利,250 G/L (25% W/V),EC,0.8公升,1300,分蘗盛期病斑出現時施藥,14,4,21,,抽穗期避免用藥,,,,FRAC - 3
451,水稻,胡麻葉枯病,普克利,25.000(%) (w/w),EC,0.8公升,1300,分蘗盛期病斑出現時施藥,14,4,21,,抽穗期避免用藥,,,,FRAC - 3
452,水稻,紋枯病,菲克利,10.000(%) (w/w),EC,0.7-0.8公升,1500,分蘗盛期發病時施藥,14,3,15,,插秧後30天至45天(分蘗盛期)後發病時開始施藥,,800716.0,台灣卜內門化學工業股份有限公司,FRAC - 3
453,水稻,紋枯病,菲克利,10.000 (%) (w/w),SC,0.7-0.8公升,1500,分蘗盛期發病時施藥,14,3,15,,插秧後30天至45天(分蘗盛期)後發病時開始施藥,變更安全劑型,991102.0,,FRAC - 3
454,水稻,紋枯病,菲克利,23.000(%) (w/w),SC,0.3公升,4000,病害發生初期開始施藥,14,3,14,施藥時應噴灑於稻株葉鞘,,,920603.0,嘉泰企業股份有限公司,FRAC - 3
455,水稻,紋枯病,菲克利,5.000(%) (w/w),SC,1.4-1.6公升,750,分蘗盛期發病時施藥,14,3,15,,插秧後30天至45天(分蘗盛期)後發病時開始施藥,延伸使用,1070214.0,,FRAC - 3
456,水稻,褐飛蝨,滅必蝨,20.000(%) (w/w),EC,1.2-1.5公升,800,分蘗期,-,-,15,,,,,,IRAC - 1A
457,水稻,黑尾葉蟬,滅必蝨,20.000(%) (w/w),EC,1.2-1.5公升,800,分蘗期,-,-,15,,,,,,IRAC - 1A
458,水稻,褐飛蝨,滅必蝨,8.000(%) (w/w),GR,20公斤,,生長初期,-,-,20,,,,,,IRAC - 1A
459,水稻,褐飛蝨,滅必蝨,50.000(%) (w/w),WP,1.2公斤,1000,分蘗期,,,15,,,,,,IRAC - 1A
460,水稻,黑尾葉蟬,滅必蝨,50.000(%) (w/w),WP,1.2公斤,1000,分蘗期,,,15,,,,620727.0,,IRAC - 1A
461,水稻,褐飛蝨,滅克蝨,50.000 (%) (w/w),WP,1.2公斤,1000,分蘗期,-,-,20,,,,,,IRAC - 1A
462,水稻,瘤野螟,滅芬諾特,360 G/L (36%W/V),SC,0.375 公升,3200,發現成蟲後7天開始施藥。,7,最多2次,14,,避免蜜蜂白天採集活動被誤傷，請於傍晚施藥。,,1101015.0,台灣道禮股份有限公司,IRAC - 18/5
463,水稻,紋枯病,滅普寧,40.000 (%) (w/w),FU,0.8-1公升,1200,分蘗期施藥,14,3,21,,,,,,FRAC - 7
464,水稻,紋枯病,滅普寧,40.000 (%) (w/w),SC,0.8-1公升,1200,插秧後30-45天發病時施藥,14,3,21,,,,,,FRAC - 7
465,水稻,紋枯病,滅普寧,75.000(%) (w/w),WP,1-1.2公斤,1000,病害發生初期開始施藥,14,3,40,,,,,,FRAC - 7
466,水稻,立枯病,滅達樂,17.500(%) (w/w),LS,0.5公撮,1000,播種後施藥,-,-,-,播種後隨即灌注藥液，再行覆土,限育苗箱秧苗使用。,,830317.0,台灣汽巴嘉基股份有限公司,FRAC - 4
467,水稻,立枯病,滅達樂,17.500 (%) (w/w),SL,0.5公撮,1000,播種後施藥,-,-,-,播種後隨即灌注藥液，再行覆土,限育苗箱秧苗使用。,,830317.0,台灣汽巴嘉基股份有限公司,FRAC - 4
468,水稻,立枯病,滅達樂,35.000(%) (w/w),SC,0.25毫升,2000,播種後施藥,-,-,-,播種後隨即灌注藥液，再行覆土,限育苗箱秧苗使用。,延伸使用,1070214.0,,FRAC - 4
469,水稻,褐飛蝨,滅爾蝨,50.000 (%) (w/w),WP,0.5-0.6公斤,2000,分蘗期,-,-,-,,,,,,IRAC - 1A
470,水稻,黑尾葉蟬,滅爾蝨,50.000 (%) (w/w),WP,0.5-0.6公斤,2000,分蘗期,-,-,-,,,,,,IRAC - 1A
471,水稻,瘤野螟,滅蝨丹,6.500(%) (w/w),GR,初25公斤:後期25,,,-,-,10,,成蟲發生盛期後10天發現捲葉率在20%以上開始施藥,,,,IRAC - 1A/14
472,水稻,二化螟蟲,滅蝨丹,6.500(%) (w/w),GR,25公斤,,,-,-,40,,"應依各區農業改良場螟蟲發生預測資料,於幼蟲發生初期施藥1-2次;幼株期觀察稻株葉鞘變黃或田間水面有流葉、折葉等情形時,即行施藥",,,,IRAC - 1A/14
473,水稻,褐飛蝨,達特南,20.000 (%) (w/w),SG,0.4公斤,3000,,-,-,14,田間褐飛蝨密度每叢平均達5隻左右施藥1次，其後如密度升高至每叢20隻以上時，行第2次施藥。,,,980831.0,惠光股份有限公司,IRAC - 4A
474,水稻,紋枯病,達滅淨,20.000 (%) (w/w),WP,1公斤,1500,,14,2,14,,,,850718.0,日商三共股份有限公司台北分公司,FRAC - 37
475,水稻,葉稻熱病,嘉賜三賽唑,20.000 (%) (w/w),SC,0.67公斤,1500,,10,-,21,,,變更安全劑型,1040918.0,,FRAC - 16.1/24
476,水稻,穗稻熱病,嘉賜三賽唑,20.000 (%) (w/w),SC,0.8公斤,1500,抽穗前齊穗施藥,-,2,21,,,變更安全劑型,1040918.0,,FRAC - 16.1/24
477,水稻,葉稻熱病,嘉賜三賽唑,20.000 (%) (w/w),WP,0.67公斤,1500,,10,-,21,,,,850313.0,大勝化學工業股份有限公司,FRAC - 16.1/24
478,水稻,穗稻熱病,嘉賜三賽唑,20.000 (%) (w/w),WP,0.8公斤,1500,抽穗前齊穗施藥,-,2,21,,,,850313.0,大勝化學工業股份有限公司,FRAC - 16.1/24
479,水稻,葉稻熱病,嘉賜三賽唑,45.000 (%) (w/w),SC,0.33公升,3000,病害發生初期施藥1次，隔7天再施藥1次，共計2次。,,,21,,,,1081004.0,大勝化學工業股份有限公司,FRAC - 16.1/24
480,水稻,穗稻熱病,嘉賜三賽唑,45.000 (%) (w/w),SC,0.4公升,3000,抽穗前第1次施藥，齊穗時第2次施藥，共計2次。,,,21,,,,1081004.0,大勝化學工業股份有限公司,FRAC - 16.1/24
481,水稻,葉稻熱病,嘉賜克枯爛,14.000(%) (w/w),WP,0.67公斤,1500,病害發生初期開始施藥。,10,,14,,1.標示加註不可與強酸或強鹼性藥劑混合使用。2.本藥劑混合25%賓克隆可濕性粉劑、75%三賽唑可濕性粉劑等農藥可能發生藥害。,,960626.0,大勝化學工業股份有限公司,FRAC - 34/24
482,水稻,白葉枯病,嘉賜克枯爛,14.000(%) (w/w),WP,0.8公斤,1500,病害發生初期開始施藥。,10,3,14,,1.標示加註不可與強酸或強鹼性藥劑混合使用。2.本藥劑混合25%賓克隆可濕性粉劑、75%三賽唑可濕性粉劑等農藥可能發生藥害。,,970909.0,大勝化學工業股份有限公司,FRAC - 34/24
483,水稻,穗稻熱病,嘉賜貝芬,43.000 (%) (w/w),SC,1.2公升,1000,抽穗前齊穗施藥,-,-,21,,,變更安全劑型,1060111.0,,FRAC - 1/24
484,水稻,葉稻熱病,嘉賜貝芬,43.000 (%) (w/w),SC,1公升,1000,插秧後施藥,7,-,21,,,變更安全劑型,1060111.0,,FRAC - 1/24
485,水稻,穗稻熱病,嘉賜貝芬,43.000 (%) (w/w),WP,1.2公斤,1000,抽穗前齊穗施藥,-,-,21,,,,,,FRAC - 1/24
486,水稻,葉稻熱病,嘉賜貝芬,43.000 (%) (w/w),WP,1公斤,1000,插秧後施藥,7,-,21,,,,,,FRAC - 1/24
487,水稻,葉稻熱病,嘉賜圃,26.800 (%) (w/w),EW,0.67公升,1500,發病初期開始施藥1次,-,-,21,-,,變更安全劑型,1090121.0,,FRAC - 6/24
488,水稻,葉稻熱病,嘉賜圃,26.800 (%) (w/w),WP,0.67公斤,1500,發病初期開始施藥1次,-,-,21,-,,,1030801.0,大勝化學工業股份有限公司,FRAC - 6/24
489,水稻,葉稻熱病,嘉賜熱,21.200(%) (w/w),WP,0.66公斤,1500,,-,-,-,,,,,,FRAC - 24/16.1
490,水稻,穗稻熱病,嘉賜熱,21.200(%) (w/w),WP,0.8公斤,1500,抽穗前7-10天施藥1次,-,1,-,,,,,,FRAC - 24/16.1
491,水稻,細菌性穀枯病,嘉賜黴素,10.000(%) (w/w),SG,0.8公斤,1500,病害發生初期開始施藥,7,,14,,,,1060119.0,,FRAC - 24
492,水稻,葉稻熱病,嘉賜黴素,10.000(%) (w/w),SG,0.17公斤,6000,發生初期施藥1次,7,2,14,,,,1050204.0,大勝化學工業股份有限公司,FRAC - 24
493,水稻,穗稻熱病,嘉賜黴素,10.000(%) (w/w),SG,0.2公斤,6000,抽穗前進行第1次施藥，齊穗時進行第2次施藥，共計2次。,,,14,,,,1050204.0,大勝化學工業股份有限公司,FRAC - 24
494,水稻,細菌性穀枯病,嘉賜黴素,2.000(%) (w/w),SL,4.8公升,250,病害發生初期開始施藥,7,,14,,,,1060119.0,,FRAC - 24
495,水稻,葉稻熱病,嘉賜黴素,2.000(%) (w/w),SL,1公升,1000,插秧後施藥,,,14,,使用動力微粒噴霧機時稀釋250倍,,1060119.0,,FRAC - 24
496,水稻,穗稻熱病,嘉賜黴素,2.000(%) (w/w),SL,1.2公升,1000,抽穗前施藥,,,14,,使用動力微粒噴霧機時稀釋250倍,,1060119.0,,FRAC - 24
497,水稻,細菌性穀枯病,嘉賜黴素,5.000(%) (w/w),SL,1.7公升,700,病害發生初期開始施藥,7,,14,,,,1060119.0,,FRAC - 24
498,水稻,葉稻熱病,嘉賜黴素,5.000(%) (w/w),SL,0.5公升,2000,發生初期施藥1次,7,2,14,,,,1040910.0,大勝化學工業股份有限公司,FRAC - 24
499,水稻,穗稻熱病,嘉賜黴素,5.000(%) (w/w),SL,0.6公升,2000,抽穗前進行第1次施藥，齊穗時進行第2次施藥，共計2次。,,,14,,,,1040910.0,大勝化學工業股份有限公司,FRAC - 24
500,水稻,葉稻熱病,嘉賜黴素,3.000(%) (w/w),UL,1公升,,,,,14,1.動力微粒噴霧機噴口與噴管加控制藥液流量器具。2.黎明至上午9時許或傍晚施藥，操作者在上風處順風噴射距約8M，行走速度40-70M/Min.,,,1060119.0,,FRAC - 24
501,水稻,穗稻熱病,嘉賜黴素,3.000(%) (w/w),UL,1公升,,空中施藥，抽穗前7天進行第1次施藥，齊穗時進行第2次施藥，共計2次。,,,14,,施藥區內水稻品種及播種期應求統一。,,1060119.0,,FRAC - 24
502,水稻,細菌性穀枯病,嘉賜黴素,2.000(%) (w/w),WP,4.8公斤,250,病害發生初期開始施藥,7,,14,,,,1060119.0,,FRAC - 24
503,水稻,葉稻熱病,嘉賜黴素,2.000(%) (w/w),WP,1公斤,1000,插秧後施藥,,,14,,,,1060119.0,,FRAC - 24
504,水稻,穗稻熱病,嘉賜黴素,2.000(%) (w/w),WP,1.2公斤,1000,抽穗前施藥,,,14,,,,1060119.0,,FRAC - 24
505,水稻,細菌性穀枯病,嘉賜黴素,5.000(%) (w/w),WP,1.7公斤,700,病害發生初期開始施藥,7,,14,,,,1060119.0,,FRAC - 24
506,水稻,葉稻熱病,嘉賜黴素,5.000(%) (w/w),WP,0.33公斤,3000,發生初期施藥1次,7,2,14,,,,1040910.0,大勝化學工業股份有限公司,FRAC - 24
507,水稻,穗稻熱病,嘉賜黴素,5.000(%) (w/w),WP,0.4公斤,3000,抽穗前進行第1次施藥，齊穗時進行第2次施藥，共計2次。,,,14,,,,1040910.0,大勝化學工業股份有限公司,FRAC - 24
508,水稻,葉稻熱病,嘉賜黴素,2.000(%) (w/w),SL,1公升,20,插秧後30天至45天葉稻熱病初發生時施藥一次，7至10天後再施藥一次。,,2,14,1.適用於無人飛行載具。2.藥滴體積中值粒徑（VMD，Volume Media Diameter）應大於145微米，且植株上藥滴覆蓋率須達每平方公分50滴以上。,1.風速大於每秒3公尺時，請勿噴施。2.為防制飄散並避免鄰田污染應設置適當緩衝區。3.操作者應站於上風處，並保持適當操作距離。4.無人飛行載具飛行參數請參閱防檢局農藥資訊服務相關網站。,無人機施藥,1090401.0,,FRAC - 24
509,水稻,穗稻熱病,嘉賜黴素,2.000(%) (w/w),SL,1.2公升,16.7,抽穗前5-7天及齊穗期各施藥一次。,,2,14,1.適用於無人飛行載具。2.藥滴體積中值粒徑（VMD，Volume Media Diameter）應大於145微米，且植株上藥滴覆蓋率須達每平方公分50滴以上。,1.風速大於每秒3公尺時，請勿噴施。2.為防制飄散並避免鄰田污染應設置適當緩衝區。3.操作者應站於上風處，並保持適當操作距離。4.無人飛行載具飛行參數請參閱防檢局農藥資訊服務相關網站。,無人機施藥,1090401.0,,FRAC - 24
510,水稻,紋枯病,福多寧,15.000(%) (w/w),EC,0.67公升,1500,,14,3,14,,,,841221.0,佳農貿易有限公司,FRAC - 7
511,水稻,紋枯病,福多寧,50.000(%) (w/w),WP,0.33公斤,3000,病害發生初期開始施藥,14,3,30,,本劑試驗時加展著劑「利農」3000倍,,,,FRAC - 7
512,水稻,紋枯病,福多寧,20.000(%) (w/w),SC,0.5公升,2000,病害發生初期開始施藥,10,3,7,第1次施藥應噴於稻株葉鞘部，第2、3次施藥時，應噴施於全株。,,,,,FRAC - 7
513,水稻,紋枯病,福拉比,1.500(%) (w/w),GR,20公斤,,插秧後35-37天施藥,14,2,15,,施藥時水深應保持3-5公分，維持4-5天,,890711.0,台灣住友化學股份有限公司,FRAC - 7
514,水稻,稻熱病,維利熱必斯,53.000 (%) (w/w),WP,1.2公斤,1000,抽穗前7天及齊穗期施藥,-,2,14,,防除效果較優,,800516.0,立農化學股份有限公司,FRAC - 26/16.1
515,水稻,紋枯病,維利熱必斯,53.000 (%) (w/w),WP,1.2公斤,1000,抽穗前7天及齊穗期施藥,-,2,14,,防除效果較優,,800516.0,立農化學股份有限公司,FRAC - 26/16.1
516,水稻,紋枯病,維利黴素,10.000 (%) (w/w),SL,0.4-0.5公升,2500,病害發生初期開始施藥,14,2,-,,,,,,FRAC - 26
517,水稻,紋枯病,維利黴素,3.000 (%) (w/w),SL,1-1.2公升,1000,,-,-,-,,,,,,FRAC - 26
518,水稻,紋枯病,維利黴素,5.000 (%) (w/w),SL,1.5公升,超低容量撒佈,,-,-,-,1.用轉數5000轉/Min以上噴風量7-12M^3/Min動力微粒噴霧機並加0.7mm流量控制器。2.以最大噴速將原液0.1L試噴勻0.1Ha後再大面積施用,,,,,FRAC - 26
519,水稻,福壽螺,聚乙醛,6.000(%) (w/w),RB,5公斤,,插秧前1-3天或當天。,,,,,施藥時田水保持1-3公分，約7天。施藥當天不排水，以免危害其他水生物。,,930429.0,貝士得開發企業有限公司,
520,水稻,福壽螺,聚乙醛,80.000(%) (w/w),WP,1.2公斤,,插秧前。,,,,,,,,,
521,水稻,福壽螺,聚乙醛,80.000(%) (w/w),WP,1.2公斤,,插秧前施藥。,,,,,,,,,
522,水稻,福壽螺,聚乙醛,3.250(%) (w/w),RB,9公斤,,插秧前1-3天或當天。,,,,,施藥時田水保持1-3公分，約7天。施藥當天不排水，以免危害其他水生物。,延伸使用,1070214.0,,
523,水稻,徒長病,腐絕,41.800(%) (w/w),SC,,2000,催芽前施藥。,,,,浸藥24小時消毒後再浸水催芽,限育苗箱秧苗使用。藥液可以連續使用二次。,,,,FRAC - 1
524,水稻,徒長病,腐絕,40.000(%) (w/w),WP,,1500,催芽時施藥。,,2,,浸藥時間為24小時,限育苗箱秧苗使用。稻種直接消毒後再浸水催芽,,,,FRAC - 1
525,水稻,消毒,腐絕,41.800(%) (w/w),SC,,2000,萌芽時(防徒長病)。,,,,1.浸藥時間：1-6小時。2.稻種預先浸水催芽，以藥劑浸漬之,1.消毒後即可播種。2.藥液可以連續使用二次。,,,,FRAC - 1
526,水稻,消毒,腐絕,40.000(%) (w/w),WP,,2000,萌芽時。,,2,,1.稻種預先浸水催芽，以藥劑浸漬之。2.浸藥時間為1-6小時,1.消毒後即可播種。2.藥液可以連續使用二次,,,,FRAC - 1
527,水稻,紋枯病,賓克隆,23.200(%) (w/w),SC,0.5公升,2000,病害發生初期開始施藥,14,2,7,,,,830312.0,興農股份有限公司,FRAC - 20
528,水稻,紋枯病,賓克隆,25.000 (%) (w/w),SC,0.5公斤,2000,病害發生初期開始施藥,14,2,15,,本劑追加試驗時加展著劑70%加收活展2000倍,變更安全劑型,900209.0,,FRAC - 20
529,水稻,紋枯病,賓克隆,25.000 (%) (w/w),WP,0.5公斤,2000,病害發生初期開始施藥,14,2,15,,本劑追加試驗時加展著劑70%加收活展2000倍,,,,FRAC - 20
530,水稻,紋枯病,賓得克利,25.000 (%) (w/w),SC,0.5公升,2000,插秧後45-50天施藥,14,2,14,插秧45-50天(分蘗盛期)噴施1次，隔14天左右(孕穗期)再噴1次;第1次噴於葉鞘，第2次噴全株,,,890613.0,台灣拜耳股份有限公司,FRAC - 3/20
531,水稻,消毒,撲克拉,25.000(%) (w/w),EC,,1000,,,,,稻種直接消毒24小時後，再浸水催芽。,一、浸漬時間：24小時。二、稻種預先浸水4小時後浸漬於藥液中並時予攪動。三、消毒後直接浸種催芽。四、藥液可再使用一次。,,990527.0,,FRAC - 3
532,水稻,消毒,撲克拉,25.000(%) (w/w),EW,,1000,,,,,稻種直接消毒24小時後，再浸水催芽。,1.浸漬時間：24小時。2.稻種預先浸水4小時後浸漬於藥液中並時予攪動。3.消毒後直接浸種催芽。4.藥液可再使用一次。,變更安全劑型,990527.0,,FRAC - 3
533,水稻,二化螟蟲,撲馬松,91.300 (%) (w/w),UL,1公升,,,-,-,-,"動力微粒噴霧機噴嘴或藥管上裝流量控制器(孔徑0.8mm);噴時操作者位上風順風噴射有效落幅7-8M,人行與風向成直角,速度為40-70M/MIN",,,,,IRAC - 1B/1B
534,水稻,稻熱病,撲殺培丹,10.000 (%) (w/w),GR,30公斤,,插秧後施藥,,,20,,"與二化螟聯合防治,葉稻熱病於發病前(插秧後)約30天施藥一次;施藥時稻田保持水深3-5公分,維持4-5天",,810220.0,,FRAC - P2  、  IRAC - 14
535,水稻,瘤野螟,撲殺培丹,10.000 (%) (w/w),GR,30公斤,,插秧後40天及孕穗末期,,,10,,"施藥時保持水深1-2公分,維持4-5天",,790803.0,臺灣三笠化學工業股份有限公司,FRAC - P2  、  IRAC - 14
536,水稻,二化螟蟲,撲殺培丹,10.000 (%) (w/w),GR,30公斤,,,,,20,,與稻熱病聯合防治,,810220.0,,FRAC - P2  、  IRAC - 14
537,水稻,葉稻熱病,撲殺熱,4.000(%) (w/w),GR,30公斤,,插秧後約30天施藥,-,-,-,,1.施藥時稻田內應保持水深3-5公分維持4-5天。2.約葉稻熱病發生前7-10天施用一次。,,,,FRAC - P2
538,水稻,穗稻熱病,撲殺熱,4.000(%) (w/w),GR,30公斤,,抽穗前25天施1次即可,-,-,-,,施藥時稻田內應保持水深3-5公分維持4-5天。,,,,FRAC - P2
539,水稻,葉稻熱病,撲殺熱,6.000(%) (w/w),GR,30公斤,,插秧後30-40天施1次,-,-,-,,撒藥時，稻田內應保持3-5公分水深，維持4-5天。,,,,FRAC - P2
540,水稻,白葉枯病,撲殺熱,6.000(%) (w/w),GR,30公斤,,幼穗形成期施藥,-,-,-,,撒藥時稻田內應保持3-5公分水深，維持4-5天。,,,,FRAC - P2
541,水稻,稻熱病,撲殺熱,4.000(%) (w/w),GR,40G/箱,,插秧前一天施藥,-,-,-,"撒佈後以掃把輕掃秧苗，使藥劑掉落,再以澆水器澆水，每箱約20公撮。",限育苗箱秧苗使用。防治葉稻熱病。,,,,FRAC - P2
542,水稻,穗稻熱病,撲殺賜圃,12.000 (%) (w/w),GR,30公斤,,抽穗前施藥,-,-,39,,,,,,FRAC - 6/P2
543,水稻,葉稻熱病,撲殺賜圃,12.000 (%) (w/w),GR,30公斤,,,-,-,39,,,,,,FRAC - 6/P2
544,水稻,夜蛾類,撲滅松,20.000(%) (w/w),EC,2-3公升,400,害蟲發生時開始施藥,-,-,21,,,,,,IRAC - 1B
545,水稻,鐵甲蟲,撲滅松,20.000(%) (w/w),EC,2-3公升,400,害蟲發生時開始施藥,-,-,21,,,,,,IRAC - 1B
546,水稻,稻螟蛉,撲滅松,20.000 (%) (w/w),EC,2-3公升,400,孕穗期至齊穗期,-,-,21,-,-,延伸使用,980826.0,,IRAC - 1B
547,水稻,夜蛾類,撲滅松,20.000 (%) (w/w),EC,2-3公升,400,孕穗期至齊穗期,-,-,21,-,-,延伸使用,980826.0,,IRAC - 1B
548,水稻,樹蔭蝶,撲滅松,20.000 (%) (w/w),EC,2-3公升,400,孕穗期至齊穗期,-,-,21,-,-,延伸使用,980826.0,,IRAC - 1B
549,水稻,稻苞蟲,撲滅松,20.000(%) (w/w),EC,2-3公升,400,害蟲發生時開始施藥,-,-,21,,,,,,IRAC - 1B
550,水稻,螟蛾類,撲滅松,20.000(%) (w/w),EC,2-3公升,400,害蟲發生時開始施藥,-,-,21,,,,,,IRAC - 1B
551,水稻,負泥蟲,撲滅松,20.000(%) (w/w),EC,2-3公升,400,害蟲發生時開始施藥,-,-,21,,,,,,IRAC - 1B
552,水稻,薊馬類,撲滅松,20.000(%) (w/w),EC,2-3公升,400,害蟲發生時開始施藥,-,-,21,,,,,,IRAC - 1B
553,水稻,一點螟蟲,撲滅松,20.000(%) (w/w),EC,2-3公升秧田至孕穗,400,,-,-,14,,齊穗期至收穫前用藥量為3-3.75L,,,,IRAC - 1B
554,水稻,二化螟蟲,撲滅松,20.000(%) (w/w),EC,2-3公升(幼株期),100,,-,-,21,"孕穗期用藥3-3.75L用動力微粒噴霧機噴藥；人力噴霧器噴藥時用藥量2L,稀釋400倍",,,,,IRAC - 1B
555,水稻,瘤野螟,撲滅松,20.000(%) (w/w),EC,2-3公升,400,害蟲發生時開始施藥,-,-,21,,,,,,IRAC - 1B
556,水稻,稻螟蛉,撲滅松,50.000 (%) (w/w),EC,0.8-1.2公升,1000,孕穗期至齊穗期,-,-,21,-,-,延伸使用,980826.0,,IRAC - 1B
557,水稻,夜蛾類,撲滅松,50.000 (%) (w/w),EC,0.8-1.2公升,1000,孕穗期至齊穗期,-,-,21,-,-,延伸使用,980826.0,,IRAC - 1B
558,水稻,樹蔭蝶,撲滅松,50.000 (%) (w/w),EC,0.8-1.2公升,1000,孕穗期至齊穗期,-,-,21,-,-,延伸使用,980826.0,,IRAC - 1B
559,水稻,二化螟蟲,撲滅松,50.000(%) (w/w),EC,0.8-1.2公升秧田至孕穗,1000,,-,-,21,人力噴霧器噴藥，孕穗至齊穗期用1.2公升;動力微粒噴霧機噴藥時孕穗至齊穗期用1.2公升稀釋250倍,,,,,IRAC - 1B
560,水稻,夜蛾類,撲滅松,50.000(%) (w/w),EC,0.8-1.2公升,1000,害蟲發生時開始施藥,-,-,21,,,,,,IRAC - 1B
561,水稻,鐵甲蟲,撲滅松,50.000(%) (w/w),EC,0.8-1.2公升,1000,害蟲發生時開始施藥,-,-,21,,,,,,IRAC - 1B
562,水稻,瘤野螟,撲滅松,50.000(%) (w/w),EC,0.8-1.2公升,1000,害蟲發生時開始施藥,-,-,21,,,,,,IRAC - 1B
563,水稻,負泥蟲,撲滅松,50.000(%) (w/w),EC,0.8-1.2公升,1000,幼穗形成前,-,-,21,1.水稻分蘗期中，負泥蟲幼蟲發生時噴藥，若施藥後田間密度尚高，隔15天再施藥一次。2.施用粒劑或粉劑時稻田需保持水位高度3-5公分，7-10天，若水位降低時必須灌溉補充。,,,,,IRAC - 1B
564,水稻,薊馬類,撲滅松,50.000(%) (w/w),EC,0.8-1.2公升,1000,害蟲發生時開始施藥,-,-,21,,,,,,IRAC - 1B
565,水稻,螟蛾類,撲滅松,50.000(%) (w/w),EC,0.8-1.2公升,1000,害蟲發生時開始施藥,-,-,21,,,,,,IRAC - 1B
566,水稻,一點螟蟲,撲滅松,50.000(%) (w/w),EC,0.8-1.2公升秧田至孕穗,1000,採收前,-,-,21,,孕穗至齊穗期用1.2公升,,,,IRAC - 1B
567,水稻,稻苞蟲,撲滅松,50.000(%) (w/w),EC,0.8-1.2公升,1000,害蟲發生時開始施藥,-,-,21,,,,,,IRAC - 1B
568,水稻,蝗蟲類,撲滅松,95.000 (%) (w/w),UL,0.5-0.75公升,,,-,-,21,空中施藥;動力微粒噴霧機噴嘴前或藥管上加流量控制器(孔徑0.8MM)；操作者位上風順風噴射，人行方向與風向成直角，速度40-70M/Min,,,,,IRAC - 1B
569,水稻,螟蛾類,撲滅松,95.000 (%) (w/w),UL,0.75-1公升,,,-,-,21,,空中施藥；第一次施藥：插秧後約30天;第二次施藥：插秧後約90天,,,,IRAC - 1B
570,水稻,二化螟蟲,撲滅松,95.000 (%) (w/w),UL,0.5-0.75公升,,,-,-,21,"超低容量地面撒佈;動力微粒噴霧機噴嘴前或藥管上加流量控制器(孔徑0.8MM)操作者位上風順風噴射,人行方向與風向垂直速度40-70M/分",,,,,IRAC - 1B
571,水稻,螟蛾類,撲滅松,40.000(%) (w/w),WP,1-1.5公斤,800,害蟲發生時開始施藥,-,-,21,,,延伸使用,1070214.0,,IRAC - 1B
572,水稻,一點螟蟲,撲滅松,40.000(%) (w/w),WP,1-1.5公斤秧田至孕穗,800,,-,-,14,,齊穗期至收穫前用藥量為1.5公斤,延伸使用,1070214.0,,IRAC - 1B
573,水稻,二化螟蟲,撲滅松,40.000(%) (w/w),WP,1-1.5公斤(幼株期),200,,-,-,21,"孕穗期用藥1.5公斤用動力微粒噴霧機噴藥；人力噴霧器噴藥時用藥量1公斤,稀釋800倍",,延伸使用,1070214.0,,IRAC - 1B
574,水稻,瘤野螟,撲滅松,40.000(%) (w/w),WP,1-1.5公斤,800,害蟲發生時開始施藥,-,-,21,,,延伸使用,1070214.0,,IRAC - 1B
575,水稻,夜蛾類,撲滅松,40.000(%) (w/w),WP,1-1.5公斤,800,孕穗期至齊穗期,-,-,21,-,-,延伸使用,1070214.0,,IRAC - 1B
576,水稻,稻螟蛉,撲滅松,40.000(%) (w/w),WP,1-1.5公斤,800,孕穗期至齊穗期,-,-,21,-,-,延伸使用,1070214.0,,IRAC - 1B
577,水稻,樹蔭蝶,撲滅松,40.000(%) (w/w),WP,1-1.5公斤,800,孕穗期至齊穗期,-,-,21,-,-,延伸使用,1070214.0,,IRAC - 1B
578,水稻,稻苞蟲,撲滅松,40.000(%) (w/w),WP,1-1.5公斤,800,害蟲發生時開始施藥,-,-,21,,,延伸使用,1070214.0,,IRAC - 1B
579,水稻,負泥蟲,撲滅松,40.000(%) (w/w),WP,1-1.5公斤,800,害蟲發生時開始施藥,-,-,21,,,延伸使用,1070214.0,,IRAC - 1B
580,水稻,鐵甲蟲,撲滅松,40.000(%) (w/w),WP,1-1.5公斤,800,害蟲發生時開始施藥,-,-,21,,,延伸使用,1070214.0,,IRAC - 1B
581,水稻,薊馬類,撲滅松,40.000(%) (w/w),WP,1-1.5公斤,800,害蟲發生時開始施藥,-,-,21,,,延伸使用,1070214.0,,IRAC - 1B
582,水稻,線蟲白尖病,毆殺滅,10.000(%) (w/w),SL,,450,,,,,,"稻種預浸24小時後,再浸藥處理2小時",,,,IRAC - 1A
583,水稻,線蟲白尖病,毆殺滅,5.000(%) (w/w),GR,每育苗箱120 g,,秧苗綠化期。,,,,均勻灑佈,1.不可施用於本田。2.施藥時必須戴手套。,,1051013.0,,IRAC - 1A
584,水稻,葉稻熱病,熱必斯,20.000(%) (w/w),SC,1.5公升(加水至20公升),,抽穗前7天及齊穗期施藥,-,-,28,1.空中施藥。2.落藥標準：8平方公分內應有直徑1000微米以下落藥點144點以上,1.加展著劑「來著通CS-7」2000倍。2.藥先以半量水稀釋再加入展著劑,,,,FRAC - 16.1
585,水稻,穗稻熱病,熱必斯,20.000(%) (w/w),SC,4公升(加水至15公升),,抽穗前7天施藥,-,-,30,落藥標準：8平方公分內應有直徑1000μ以下落藥點144點以上,,,,,FRAC - 16.1
586,水稻,穗稻熱病,熱必斯,50.000 (%) (w/w),WP,1.2公斤,1200,,-,-,30,,,,,,FRAC - 16.1
587,水稻,葉稻熱病,熱必斯,50.000 (%) (w/w),WP,1公斤,1200,,-,-,30,,,,,,FRAC - 16.1
588,水稻,褐飛蝨,蝨必殺,20.000 (%) (w/w),EC,1.2-1.5公升,800,分蘗期,-,-,-,,,,,,
589,水稻,黑尾葉蟬,蝨必殺,20.000 (%) (w/w),EC,1.2-1.5公升,800,分蘗期,-,-,-,,,,,,
590,水稻,黑尾葉蟬,蝨必殺,50.000(%) (w/w),WP,0.5-0.6公斤,2000,分蘗期開始施藥,7,-,-,用動力微粒噴霧機噴藥時每公頃用0.8-1.2公斤稀釋250倍施之,,,620727.0,,
591,水稻,褐飛蝨,蝨必殺,50.000(%) (w/w),WP,0.5-0.6公斤,2000,分蘗期開始施藥,7,-,-,用動力微粒噴霧機噴藥時每公頃用0.8-1.2公斤稀釋250倍施之,,,620727.0,,
592,水稻,胡麻葉枯病,鋅錳乃浦,33.000(%) (w/w),SC,抽穗前:2.5公升後:3公升,400,分蘗齊穗期施藥,14,4,20,第一次在分蘗盛期施藥。齊穗期行第三次施藥,,,,,FRAC - M3
593,水稻,穗稻熱病,鋅錳乃浦,33.000(%) (w/w),SC,3公升,400,,-,-,20,,本劑試驗時加展著劑「來著通CS-7」2000倍,,,,FRAC - M3
594,水稻,葉稻熱病,鋅錳乃浦,33.000(%) (w/w),SC,2.5公升,400,,-,-,20,,本劑試驗時加展著劑「來著通CS-7」2000倍,,,,FRAC - M3
595,水稻,葉稻熱病,鋅錳乃浦,80.000(%) (w/w),WP,2公斤,500,,-,-,-,,1.應添加展著劑，試驗時用「來著通CS-7」2000倍;2.藥劑先以半量水稀釋再行加入該展著劑以避免混合不均,,,,FRAC - M3
596,水稻,穗稻熱病,鋅錳乃浦,80.000(%) (w/w),WP,2.4公斤,500,,-,-,-,,1.用展著劑「來著通CS-7」2000倍。2.藥先以半量水稀釋再加展著劑以避免混合不均,,710118.0,,FRAC - M3
597,水稻,穗稻熱病,鋅錳乃浦,80.000(%) (w/w),WP,2公斤(加水至20公升),500,第一次：抽穗前7天，第二次：齊穗期。,,,,,"空中施藥：1.落藥標準：8平方公分內應有直徑1,000微米以下之落藥點144點以上。2.用展著劑「來著通CS-7」2,000倍。3.藥先以半量水稀釋再加展著劑以避免混合不均。",,710118.0,,FRAC - M3
598,水稻,紋枯病,蕈狀芽孢桿菌AGB01,1×10^8 CFU/G 以上,WP,10公斤,20,插秧後14天開始施藥。,10,共3次,,使用前先以水稀釋20倍，靜置過夜後，再稀釋至目標體積，之後進行全株噴灑。,,,1090504.0,聯發生物科技股份有限公司,FRAC - BM02
599,水稻,胡麻葉枯病,錳乃浦,37.000 (%) (w/w),SC,"抽穗前:1.67公升,後:2公升",600,分蘗盛期及齊穗期施藥,14,-,20,1.第一次在分蘗盛期施藥，經十四天後再施藥一次。2.第二次在齊穗期施藥，經十四天再施藥一次,藥劑調配後加展著劑「SS-605」2000倍,,,,FRAC - M3
600,水稻,秋行軍蟲,鮎澤蘇力菌ABTS-1857,"48.1% (35,000 DBMU/MG)",WG,0.8-1公斤,1000,害蟲發生時開始施藥。,7,,,,,緊急防治用藥,1090728.0,,FRAC - BM02  、  IRAC - 11A
601,水稻,秋行軍蟲,鮎澤蘇力菌NB-200,"54% (15,000 IU/MG)",WG,0.8-1公斤,1000,害蟲發生時開始施藥。,7,,,,,緊急防治用藥,1090728.0,,FRAC - BM02  、  IRAC - 11A
602,水稻,黑尾葉蟬,繁米松,37.000(%) (w/w),SL,0.6公升,加水2.4公升稀釋,插秧後七天,-,-,-,,空中施藥;秧田前期及秧期各施藥一次，插秧後七天施藥一次；施藥前應清除田邊雜草田間稻蒿及病株，以防潛伏之媒介昆蟲黑尾浮塵子,,,,IRAC - 3A
603,水稻,稻蝨類,繁米松,37.000(%) (w/w),SL,1.2-1.5公升,-,害蟲發生時開始施藥,-,-,-,-,,延伸使用,980826.0,,IRAC - 3A
604,水稻,葉蟬類,繁米松,37.000(%) (w/w),SL,1.2-1.5公升,-,害蟲發生時開始施藥,-,-,-,-,,延伸使用,980826.0,,IRAC - 3A
605,水稻,椿象類,繁米松,37.000(%) (w/w),SL,1.2-1.5公升,-,害蟲發生時開始施藥,-,-,-,-,,延伸使用,980826.0,,IRAC - 3A
606,水稻,薊馬類,繁米松,37.000(%) (w/w),SL,1.2-1.5公升,-,害蟲發生時開始施藥,-,-,-,-,,延伸使用,980826.0,,IRAC - 3A
607,水稻,黑尾葉蟬,繁米松,37.000(%) (w/w),SL,1.2-1.5公升,800,分蘗期,,-,-,,,,,,IRAC - 3A
608,水稻,褐飛蝨,繁米松,37.000(%) (w/w),SL,1.2-1.5公升,800,分蘗期,,-,-,,,,,,IRAC - 3A
609,水稻,褐飛蝨,繁米蝨,60.000 (%) (w/w),EC,0.8公升,1500,分蘗期開始施藥,7,-,15,,"水稻生長期如發現每叢水稻平均密度在五隻以上,即行施藥,每隔7-10天施藥一次",,,,IRAC - 1A/1A/3A
610,水稻,紋枯病,賽氟菲克利,15.250(%) (w/w),WG,0.67-0.8公斤,1500,於水稻分蘗期及孕穗期各施藥1次。,,,15,,,,1070222.0,台灣日產化工股份有限公司,FRAC - 3/7
611,水稻,紋枯病,賽氟滅,2.000(%) (w/w),GR,30公斤,,發病初期或分蘗盛期1次,-,1,14,施藥時保持田間水深3-5公分，維持3-5天。,,,980831.0,惠光股份有限公司,FRAC - 7
612,水稻,紋枯病,賽氟滅,21.000 (%) (w/w),SC,0.33公升,3000,病害發生初期開始施藥1次,-,1,14,,,,911014.0,台灣道禮股份有限公司,FRAC - 7
613,水稻,苗立枯病,賽氟滅,21.000(%) (w/w),SC,0.33毫升/每育苗箱,1500,1. 育苗箱於播種後澆灌藥液，再行覆土。2. 每育苗箱施用500毫升稀釋液。,,,,,適用於水稻育苗箱,,1070223.0,台灣日產化工股份有限公司,FRAC - 7
614,水稻,瘤野螟,賽洛寧,2.460(%) (w/w),CS,0.5-0.6公升,2000,孕穗期及抽穗初,,,15,,"1.成蟲發生盛期後七天或每叢捲葉數在二片以上,開始施藥;2.特別注意孕穗期及抽穗初期之防除。3.避免於開花期使用",變更安全劑型,921201.0,,IRAC - 3A
615,水稻,瘤野螟,賽洛寧,2.800(%) (w/w),EC,0.5-0.6公升,2000,孕穗期及抽穗初,,,15,,"1.成蟲發生盛期後七天或每叢捲葉數在二片以上,開始施藥;2.特別注意孕穗期及抽穗初期之防除。3.避免於開花期使用",,,,IRAC - 3A
616,水稻,瘤野螟,賽洛寧,2.500(%) (w/w),ME,0.5-0.6公升,2000,孕穗期及抽穗初,,,15,,"1.成蟲發生盛期後七天或每叢捲葉數在二片以上,開始施藥;2.特別注意孕穗期及抽穗初期之防除。3.避免於開花期使用",變更安全劑型,921201.0,,IRAC - 3A
617,水稻,瘤野螟,賽洛寧,2.800(%) (w/w),SC,0.5-0.6公升,2000,孕穗期及抽穗初,,,15,,"1.成蟲發生盛期後七天或每叢捲葉數在二片以上,開始施藥;2.特別注意孕穗期及抽穗初期之防除。3.避免於開花期使用",變更安全劑型,1040813.0,,IRAC - 3A
618,水稻,瘤野螟,賽洛寧,5.000(%) (w/w),WG,0.25-0.3公斤,4000,孕穗期及抽穗初,,,15,,"1.成蟲發生盛期後七天或每叢捲葉數在二片以上,開始施藥;2.特別注意孕穗期及抽穗初期之防除。3.避免於開花期使用",延伸使用,1081004.0,,IRAC - 3A
619,水稻,瘤野螟,賽洛寧,1.000(%) (w/w),WP,1.25-1.5公斤,800,孕穗期及抽穗初,,,15,,"1.成蟲發生盛期後七天或每叢捲葉數在二片以上,開始施藥;2.特別注意孕穗期及抽穗初期之防除。3.避免於開花期使用",延伸使用,1081004.0,,IRAC - 3A
620,水稻,立枯病,賽座滅,9.400(%) (w/w),SC,0.5 公撮/箱,1000,播種後施藥,-,-,-,播種後隨即灌注藥液，再行覆土,限育苗箱使用.,,931213.0,台灣石原產業股份有限公司,FRAC - 21
621,水稻,褐飛蝨,賽速安,10.000 (%) (w/w),SG,0.3公斤,4000,害蟲發生時開始施藥,-,1-2,10,,,,920108.0,台灣先正達股份有限公司,IRAC - 4A
622,水稻,稻蝨類,賽速安,25.000 (%) (w/w),SG,0.3公斤,1600,害蟲發生時開始施藥,7,-,10,-,-,延伸使用,1050505.0,,IRAC - 4A
623,水稻,葉蟬類,賽速安,25.000 (%) (w/w),SG,0.3公斤,1600,害蟲發生時開始施藥,7,-,10,-,-,延伸使用,1050505.0,,IRAC - 4A
624,水稻,稻蝨類,賽速安,10.000 (%) (w/w),SG,0.8公斤,600,害蟲發生時開始施藥,7,-,10,-,避免於開花期使用。,延伸使用,1060822.0,,IRAC - 4A
625,水稻,葉蟬類,賽速安,10.000 (%) (w/w),SG,0.8公斤,600,害蟲發生時開始施藥,7,-,10,-,避免於開花期使用。,延伸使用,1060822.0,,IRAC - 4A
626,水稻,褐飛蝨,賽速安,25.000 (%) (w/w),SG,0.12公斤,10000,害蟲發生時開始施藥,-,1-2,10,,避免於開花期使用。,延伸使用,1060822.0,,IRAC - 4A
627,水稻,夜蛾類,賽速安勃,300 G/L (30% W/V),SC,1.7毫升,300,插秧前24小時。,-,-,-,插秧前24小時，將藥劑稀釋液均勻噴灑至育苗箱，每育苗箱稀釋水量300毫升。,限育苗箱使用。,延伸使用,1070214.0,,IRAC - 28/4A
628,水稻,稻螟蛉,賽速安勃,300 G/L (30% W/V),SC,1.7毫升,300,插秧前24小時。,-,-,-,插秧前24小時，將藥劑稀釋液均勻噴灑至育苗箱，每育苗箱稀釋水量300毫升。,限育苗箱使用。,延伸使用,1070214.0,,IRAC - 28/4A
629,水稻,樹蔭蝶,賽速安勃,300 G/L (30% W/V),SC,1.7毫升,300,插秧前24小時。,-,-,-,插秧前24小時，將藥劑稀釋液均勻噴灑至育苗箱，每育苗箱稀釋水量300毫升。,限育苗箱使用。,延伸使用,1070214.0,,IRAC - 28/4A
630,水稻,稻苞蟲,賽速安勃,300 G/L (30% W/V),SC,1.7毫升,300,插秧前24小時。,-,-,-,插秧前24小時，將藥劑稀釋液均勻噴灑至育苗箱，每育苗箱稀釋水量300毫升。,限育苗箱使用。,延伸使用,1070214.0,,IRAC - 28/4A
631,水稻,稻心蠅,賽速安勃,300 G/L (30% W/V),SC,1.7毫升,300,插秧前24小時。,-,-,-,插秧前24小時，將藥劑稀釋液均勻噴灑至育苗箱，每育苗箱稀釋水量300毫升。,限育苗箱使用。,延伸使用,1070214.0,,IRAC - 28/4A
632,水稻,瘤野螟,賽速安勃,40.000(%) (w/w),WG,1.0公克,500,插秧前24小時。,-,-,-,插秧前24小時，將藥劑稀釋液均勻噴灑至育苗箱，每育苗箱稀釋水量500毫升。,限育苗箱使用。,,1000317.0,台灣先正達股份有限公司,IRAC - 28/4A
633,水稻,夜蛾類,賽速安勃,40.000(%) (w/w),WG,1.0公克,500,插秧前24小時。,-,-,-,插秧前24小時，將藥劑稀釋液均勻噴灑至育苗箱，每育苗箱稀釋水量500毫升。,限育苗箱使用。,延伸使用,1000317.0,,IRAC - 28/4A
634,水稻,樹蔭蝶,賽速安勃,40.000(%) (w/w),WG,1.0公克,500,插秧前24小時。,-,-,-,插秧前24小時，將藥劑稀釋液均勻噴灑至育苗箱，每育苗箱稀釋水量500毫升。,限育苗箱使用。,延伸使用,1000317.0,,IRAC - 28/4A
635,水稻,稻苞蟲,賽速安勃,40.000(%) (w/w),WG,1.0公克,500,插秧前24小時。,-,-,-,插秧前24小時，將藥劑稀釋液均勻噴灑至育苗箱，每育苗箱稀釋水量500毫升。,限育苗箱使用。,延伸使用,1000317.0,,IRAC - 28/4A
636,水稻,稻心蠅,賽速安勃,40.000(%) (w/w),WG,1.0公克,500,插秧前24小時。,-,-,-,插秧前24小時，將藥劑稀釋液均勻噴灑至育苗箱，每育苗箱稀釋水量500毫升。,限育苗箱使用。,延伸使用,1000317.0,,IRAC - 28/4A
637,水稻,稻螟蛉,賽速安勃,40.000(%) (w/w),WG,1.0公克,500,插秧前24小時。,-,-,-,插秧前24小時，將藥劑稀釋液均勻噴灑至育苗箱，每育苗箱稀釋水量500毫升。,限育苗箱使用。,延伸使用,1000317.0,,IRAC - 28/4A
638,水稻,瘤野螟,賽速洛寧,24.7%(W/V),ZC,0.4公升,3000,每平方公尺發現有1隻成蟲或在成蟲發生盛期後7天施藥1次,-,-,21,-,1.孕穗期及開花期避免使用。,,990916.0,台灣先正達股份有限公司,IRAC - 3A/4A
639,水稻,二化螟蟲,賽達松,50.000 (%) (w/w),EW,0.8-1.2公升秧田至孕穗,1000,,-,-,21,1.孕穗期至齊穗期1.2公升;以人力噴霧器噴藥;2.動力微粒噴霧機用藥量同前，稀釋倍數250倍。,,變更安全劑型,1030620.0,,IRAC - 1B
640,水稻,螯蝦,賽達松,50.000 (%) (w/w),EW,1.2公升,1000,生育初期,-,-,-,,,變更安全劑型,1030620.0,,IRAC - 1B
641,水稻,負泥蟲,賽達松,92.000 (%) (w/w),UL,1公升,,幼穗形成前,-,-,15,"地面超低容量撒佈;用手提乾電池式ULV噴藥器,每隔3-4公尺順風向成90度或逆風後退成180度噴射。",避免在魚池、蜂園、桑園附近使用,,,,IRAC - 1B
642,水稻,黑尾葉蟬,賽達松,92.000 (%) (w/w),UL,1公升,,插秧前後,-,-,15,,"空中施藥,落藥標準:每8平方公分應有直徑1000微米以上落藥點42點以上;避免在魚池、蜂園、桑園附近使用",,,,IRAC - 1B
643,水稻,二化螟蟲,賽達松,50.000 (%) (w/w),EC,0.8-1.2公升秧田至孕穗,1000,,-,-,21,1.孕穗期至齊穗期1.2公升;以人力噴霧器噴藥;2.動力微粒噴霧機用藥量同前，稀釋倍數250倍。,,,,,IRAC - 1B
644,水稻,螯蝦,賽達松,50.000 (%) (w/w),EC,1.2公升,1000,生育初期,-,-,-,,,,,,IRAC - 1B
645,水稻,褐飛蝨,雙滅必蝨,40.000 (%) (w/w),EC,1-1.5公升,每公頃用水量100公升,分蘗期,-,-,-,用量1-1.5公升時，用「省工雙向噴頭」，以動力微粒噴霧機轉速約6000轉/分鐘 以上於稻莖間蟲害發生部位左右兩邊噴霧。,施藥者應穿雨褲，戴口罩,,,,IRAC - 1A
646,水稻,黑尾葉蟬,雙滅必蝨,40.000 (%) (w/w),EC,1.2-1.5公升,800,分蘗期,-,-,-,,防除水稻褐飛蝨、黑尾葉蟬,,,,IRAC - 1A
647,水稻,黑尾葉蟬,雙滅必蝨,50.000 (%) (w/w),UL,1公升,,插秧前後,-,-,-,,"空中施藥;8平方公分內應有直徑1000微米以下藥粒36點以上;確實施藥日期及次數依水稻病蟲害發生預測決定;施藥前應清除田邊雜草,稻蒿",,,,IRAC - 1A
648,水稻,發芽抑制及乾燥促進,穫萎得,49.000 (%) (w/w),SC,1公升,500,採收前,-,-,-,,稻穀發芽抑制及乾燥促進,,,,
649,水稻,白葉枯病,鏈四環黴素,10.000(%) (w/w),SP,1公斤,1000,病害發生初期開始施藥。,10,3,,,,,790910.0,全臺農藥有限公司,FRAC - 25
650,水稻,葉稻熱病,護粒三賽唑,50.000 (%) (w/w),WP,0.67公斤,1500,插秧後35-50天施藥,,-,15,經7天後繼續蔓延時再施一次，於抽穗前7天及齊穗期各施藥一次,,,820419.0,日農科技股份有限公司,FRAC - 16.1/6
651,水稻,穗稻熱病,護粒三賽唑,50.000 (%) (w/w),WP,0.8公斤,1500,插秧後35-50天施藥,,-,15,經7天後繼續蔓延時再施一次，於抽穗前7天及齊穗期各施藥一次,,,820419.0,日農科技股份有限公司,FRAC - 16.1/6
652,水稻,穗稻熱病,護粒丹,35.000 (%) (w/w),WP,1.2公斤,1000,,-,-,-,,,,,,FRAC - 16.1/6
653,水稻,葉稻熱病,護粒丹,35.000 (%) (w/w),WP,1公斤,1000,插秧後施藥,-,-,-,,,,,,FRAC - 16.1/6
654,水稻,葉稻熱病,護粒松,50.000(%) (w/w),EC,1公升,1000,插秧後施藥,-,-,21,,,,,,FRAC - 6
655,水稻,穗稻熱病,護粒松,50.000(%) (w/w),EC,1.2公升,1000,,-,-,21,,,,,,FRAC - 6
656,水稻,葉稻熱病,護粒松,50.000(%) (w/w),EC,1公升,250,,,,21,噴藥前調節動力微粒噴霧機至最大風速，以水2.5公升（施藥量1公升稀釋250倍）或3公升（施藥量1.2公升稀釋250倍）試噴0.01公頃稻株，能全部均勻噴射後再行大面積噴藥。無風或微風時，動力微粒噴霧機之噴口須順風向噴藥，人行方向與風向成直角，噴口宜比一般噴法稍為提高成水平，其有效射程約為5～7公尺。,,,,,FRAC - 6
657,水稻,穗稻熱病,護粒松,50.000(%) (w/w),EC,1.2公升,250,,,,21,噴藥前調節動力微粒噴霧機至最大風速，以水2.5公升（施藥量1公升稀釋250倍）或3公升（施藥量1.2公升稀釋250倍）試噴0.01公頃稻株，能全部均勻噴射後再行大面積噴藥。無風或微風時，動力微粒噴霧機之噴口須順風向噴藥，人行方向與風向成直角，噴口宜比一般噴法稍為提高成水平，其有效射程約為5～7公尺。,,,,,FRAC - 6
658,水稻,葉稻熱病,護粒松,50.000(%) (w/w),UL,1公升,,,-,-,21,1.動力微粒噴霧機噴口與液管加控制藥液流量之器具。2.於早晨9時或傍晚噴藥，操作者位上風處距離作物7-8M噴射，行走速度40-70M/Min,,,,,FRAC - 6
659,水稻,穗稻熱病,護粒松,50.000(%) (w/w),UL,1公升,,,-,-,21,1.動力微粒噴霧機噴口與液管加控制藥液流量之器具。2.於早晨9時或傍晚噴藥，操作者位上風處距離作物7-8M噴射，行走速度40-70M/Min,,,,,FRAC - 6
660,水稻,葉稻熱病,護粒松,50.000(%) (w/w),EC,1公升,20,插秧後30天至45天葉稻熱病初發生時施藥一次，7至10天後再施藥一次。,,2,21,1.適用於無人飛行載具。2.藥滴體積中值粒徑（VMD，Volume Media Diameter）應大於145微米，且植株上藥滴覆蓋率須達每平方公分50滴以上。,1.風速大於每秒3公尺時，請勿噴施。2.為防制飄散並避免鄰田污染應設置適當緩衝區。3.操作者應站於上風處，並保持適當操作距離。4.無人飛行載具飛行參數請參閱防檢局農藥資訊服務相關網站。,無人機施藥,1090401.0,,FRAC - 6
661,水稻,穗稻熱病,護粒松,50.000(%) (w/w),EC,1.2公升,16.7,抽穗前5-7天及齊穗期各施藥一次。,,2,21,1.適用於無人飛行載具。2.藥滴體積中值粒徑（VMD，Volume Media Diameter）應大於145微米，且植株上藥滴覆蓋率須達每平方公分50滴以上。,1.風速大於每秒3公尺時，請勿噴施。2.為防制飄散並避免鄰田污染應設置適當緩衝區。3.操作者應站於上風處，並保持適當操作距離。4.無人飛行載具飛行參數請參閱防檢局農藥資訊服務相關網站。,無人機施藥,1090401.0,,FRAC - 6
662,水稻,斑飛蝨,護賽寧,31.600(%) (w/w),EC,0.2公升,6000,每穗發現1-3隻害蟲時,-,-,20,,"抽穗後,每穗發現一至三隻斑飛蝨時施藥一次",,,,IRAC - 3A
663,水稻,秋行軍蟲,護賽寧,5.000(%) (w/w),SL,1公升,800,害蟲發生時開始施藥,7-10,,15,,,緊急防治用藥,1090728.0,,IRAC - 3A
664,麥類,小菜蛾,小菜蛾性費洛蒙,90.500(%) (w/w),VP,每公頃誘餌數量120個,,,,,,每8-12公尺設置1個性費洛蒙誘蟲器，每橡皮帽內含費洛蒙0.45mg；將誘餌放置於黏膠式誘蟲器內，黏板黏滿小菜蛾蟲體時需及時更換；誘蟲盒懸掛高度為作物生長點上方30-50公分處。,田間有效期為2個月。,延伸使用,1071012.0,,
665,麥類,斜紋夜蛾,斜紋夜蛾費洛蒙,5.500 (%) (w/w),VP,,,,,,,1. 每公頃設置7組中改式昆蟲性費洛蒙誘蟲器，各誘蟲器設置間距約45公尺。2. 種植前1個月開始施掛誘蟲器，設置高度離地面約0.8-1.5公尺，或作物頂端上方約50公分處。3. 將膏劑蓋子轉開，管口輕觸於誘蟲器上蓋之黑色固定棒上的任一小孔，輕輕擠壓出膏劑直到注滿該小孔（可由該黑色固定棒小孔的另一面觀察）。依相同之施藥方法，總共填滿3個連續小孔（即0.1公克膏劑），但須避免過量溢出。4. 施用後藥效可持續2個月。,,延伸使用,1070907.0,,
666,麥類,甜菜夜蛾,甜菜夜蛾費洛蒙,80.200 (%) (w/w),VP,設置11-18個點,,,,,,,1.不宜同時將兩種不同性費洛蒙置於同一個誘蟲盒內;2.誘蟲盒至少每週清1次;,延伸使用,1071012.0,,
667,麥類,甜菜夜蛾,甜菜夜蛾費洛蒙,87.200(%) (w/w),VP,500條,,甜菜夜蛾發生前至發生初期使用。,,,,設置高度離地面約60公分，並均勻分布於田間，設置間距約5公尺。,1. 具交配干擾功能。2. 不用時須以鋁箔紙密封，儲放於冷凍庫內。3. 田區面積1分地以上適用，大面積共同防治效果更佳。4.施用後藥效可持續3個月。5.每條含有效成分0.24公克）。,延伸使用,1071012.0,,
668,禾本科麥類,白粉病,三得芬,84.200(%) (w/w),EC,0.5-0.6公升,2000.0,病害發生初期開始施藥,7.0,,14.0,,,延伸使用,1051129.0,,FRAC - 5
669,小麥,白粉病,三得芬,84.200(%) (w/w),EC,0.6公升,2000.0,病害發生初期開始施藥,10.0,-,14.0,,,,,,FRAC - 5
670,小麥,鱗翅目害蟲,依芬寧,20.000(%) (w/w),WP,0.5-0.8公斤,1500.0,害蟲發生時開始施藥,7.0,,15.0,,,延伸使用,1051216.0,,IRAC - 3A
671,小麥,鱗翅目害蟲,依芬寧,10.000(%) (w/w),EC,1.1-1.6公升,750.0,害蟲發生時開始施藥,7.0,,15.0,,,延伸使用,1051216.0,,IRAC - 3A
672,小麥,銹病,芬普福,79.000 (%) (w/w),EC,0.4公升,2000.0,病害發生初期開始施藥,10.0,-,14.0,,本劑試驗時加展著劑「來著通CS-7」3000倍。,,,,FRAC - 5
673,小麥,鱗翅目害蟲,庫斯蘇力菌SA-11,"85% (32,000 IU/MG)",WG,0.1-0.3公斤,3000.0,害蟲發生時開始施藥。,7.0,,,,,延伸使用,1090611.0,,FRAC - BM02  、  IRAC - 11A
674,小麥,蚜蟲類,納乃得,25.000(%) (w/w),SP,0.4-2公斤,750.0,害蟲發生時開始施藥,7.0,,15.0,,,,1060112.0,,IRAC - 1A
675,小麥,蚜蟲類,納乃得,40.000(%) (w/w),SP,0.2-1.2公斤,1250.0,害蟲發生時開始施藥,7.0,,15.0,,,,1060112.0,,IRAC - 1A
676,小麥,蚜蟲類,納乃得,40.000(%) (w/w),SG,0.2-1.2公斤,1250.0,害蟲發生時開始施藥,7.0,,15.0,,,,1060112.0,,IRAC - 1A
677,小麥,蚜蟲類,納乃得,40.000(%) (w/w),SPSB,0.2-1.2公斤,1250.0,害蟲發生時開始施藥,7.0,,15.0,,,,1060112.0,,IRAC - 1A
678,小麥,胡麻葉枯病,普克利,25.000 (%) (w/w),EC,0.2-1.2公升,1300.0,病斑出現時開始施藥,14.0,,9.0,,,延伸使用,1070117.0,,FRAC - 3
679,小麥,夜蛾類,滅芬諾,22.600(%) (w/w),SC,0.2-0.8公升,2000.0,害蟲發生時開始施藥,7.0,,21.0,,1.使用本藥劑後不可與根菜類作物輪作，以免蓄積殘留。,延伸使用,1080802.0,,IRAC - 18
680,小麥,毒蛾類,滅芬諾,22.600(%) (w/w),SC,0.2-0.8公升,2000.0,害蟲發生時開始施藥,7.0,,21.0,,1.使用本藥劑後不可與根菜類作物輪作，以免蓄積殘留。,延伸使用,1080802.0,,IRAC - 18
681,小麥,螟蛾類,賜諾特,11.700(%) (w/w),SC,0.3-1.3公升,1200.0,害蟲發生時開始施藥。,7.0,-,9.0,-,-,延伸使用,1050801.0,,IRAC - 5
682,小麥,夜蛾類,賜諾特,11.700(%) (w/w),SC,0.3-1.3公升,1200.0,害蟲發生時開始施藥。,7.0,-,9.0,-,-,延伸使用,1050801.0,,IRAC - 5
683,小麥,夜蛾類,賜諾特,5.870(%) (w/w),SC,0.6-2.6公升,600.0,害蟲發生時開始施藥。,7.0,-,9.0,-,-,延伸使用,1050801.0,,IRAC - 5
684,小麥,螟蛾類,賜諾特,5.870(%) (w/w),SC,0.6-2.6公升,600.0,害蟲發生時開始施藥。,7.0,-,9.0,-,-,延伸使用,1050801.0,,IRAC - 5
685,小麥,鱗翅目害蟲,諾伐隆,100 G/L (10% W/V),DC,0.5-0.8公升,1500.0,害蟲發生時開始施藥,7.0,,10.0,,,延伸使用,1051216.0,,IRAC - 15
